track_uri,track_name,artist_name,artist_info,artist_uri,artist_popularity,artist_genre,album,track_pop,danceability,energy,key,loudness,mode,speechiness,acousticness,instrumentalness,liveness,valence,tempo,genre
0mDRuZmReEm6DquPLJlcEm,Oleku (feat. Brymo),Ice Prince,"{'external_urls': {'spotify': 'https://open.spotify.com/artist/1sSt1DqqqFLkPwfrqafVyn'}, 'followers': {'href': None, 'total': 123394}, 'genres': ['afro dancehall', 'afropop', 'azontobeats', 'nigerian hip hop', 'nigerian pop'], 'href': 'https://api.spotify.com/v1/artists/1sSt1DqqqFLkPwfrqafVyn', 'id': '1sSt1DqqqFLkPwfrqafVyn', 'images': [{'height': 640, 'url': 'https://i.scdn.co/image/ab6761610000e5ebc09422d4663ad4c45deebd29', 'width': 640}, {'height': 320, 'url': 'https://i.scdn.co/image/ab67616100005174c09422d4663ad4c45deebd29', 'width': 320}, {'height': 160, 'url': 'https://i.scdn.co/image/ab6761610000f178c09422d4663ad4c45deebd29', 'width': 160}], 'name': 'Ice Prince', 'popularity': 54, 'type': 'artist', 'uri': 'spotify:artist:1sSt1DqqqFLkPwfrqafVyn'}",1sSt1DqqqFLkPwfrqafVyn,54,"['afro dancehall', 'afropop', 'azontobeats', 'nigerian hip hop', 'nigerian pop']",Oleku (feat. Brymo),51,0.544,0.73,1,-4.299,0,0.144,0.344,1.36e-06,0.14,0.751,162.112,afrobeats
1tvi8tv0eykhNcV1WtaIqO,Move Back,5five,"{'external_urls': {'spotify': 'https://open.spotify.com/artist/37zb1JQnDV9dRLatrASEj1'}, 'followers': {'href': None, 'total': 6005}, 'genres': ['afro dancehall', 'azonto', 'hiplife'], 'href': 'https://api.spotify.com/v1/artists/37zb1JQnDV9dRLatrASEj1', 'id': '37zb1JQnDV9dRLatrASEj1', 'images': [{'height': 640, 'url': 'https://i.scdn.co/image/ab67616d0000b273685fad9ab46263f6409bc6a4', 'width': 640}, {'height': 300, 'url': 'https://i.scdn.co/image/ab67616d00001e02685fad9ab46263f6409bc6a4', 'width': 300}, {'height': 64, 'url': 'https://i.scdn.co/image/ab67616d00004851685fad9ab46263f6409bc6a4', 'width': 64}], 'name': '5five', 'popularity': 29, 'type': 'artist', 'uri': 'spotify:artist:37zb1JQnDV9dRLatrASEj1'}",37zb1JQnDV9dRLatrASEj1,29,"['afro dancehall', 'azonto', 'hiplife']",Move Back,45,0.793,0.734,11,-9.252,0,0.0981,0.323,1.64e-06,0.777,0.793,125.032,afrobeats
5YgyvTZmdkIfFOnj8ri8mZ,Pakurumo,WizKid,"{'external_urls': {'spotify': 'https://open.spotify.com/artist/3tVQdUvClmAT7URs9V3rsp'}, 'followers': {'href': None, 'total': 1867522}, 'genres': ['afro dancehall', 'afropop', 'azonto', 'nigerian hip hop', 'nigerian pop'], 'href': 'https://api.spotify.com/v1/artists/3tVQdUvClmAT7URs9V3rsp', 'id': '3tVQdUvClmAT7URs9V3rsp', 'images': [{'height': 640, 'url': 'https://i.scdn.co/image/ab6761610000e5eb9050b61368975fda051cdc06', 'width': 640}, {'height': 320, 'url': 'https://i.scdn.co/image/ab676161000051749050b61368975fda051cdc06', 'width': 320}, {'height': 160, 'url': 'https://i.scdn.co/image/ab6761610000f1789050b61368975fda051cdc06', 'width': 160}], 'name': 'WizKid', 'popularity': 80, 'type': 'artist', 'uri': 'spotify:artist:3tVQdUvClmAT7URs9V3rsp'}",3tVQdUvClmAT7URs9V3rsp,80,"['afro dancehall', 'afropop', 'azonto', 'nigerian hip hop', 'nigerian pop']",Superstar,49,0.879,0.737,2,-5.412,1,0.0421,0.525,0.00576,0.268,0.967,119.99,afrobeats
2cWdhA4ZDBvYuHRKKIPT3k,The Matter (feat. Wizkid),Maleek Berry,"{'external_urls': {'spotify': 'https://open.spotify.com/artist/520qA5VGL9iI0SbmEnTVNg'}, 'followers': {'href': None, 'total': 335072}, 'genres': ['afro dancehall', 'afropop', 'azontobeats', 'nigerian pop', 'swedish dancehall', 'uk dancehall'], 'href': 'https://api.spotify.com/v1/artists/520qA5VGL9iI0SbmEnTVNg', 'id': '520qA5VGL9iI0SbmEnTVNg', 'images': [{'height': 640, 'url': 'https://i.scdn.co/image/ab6761610000e5eb71a77497bafefd73bf082ba8', 'width': 640}, {'height': 320, 'url': 'https://i.scdn.co/image/ab6761610000517471a77497bafefd73bf082ba8', 'width': 320}, {'height': 160, 'url': 'https://i.scdn.co/image/ab6761610000f17871a77497bafefd73bf082ba8', 'width': 160}], 'name': 'Maleek Berry', 'popularity': 60, 'type': 'artist', 'uri': 'spotify:artist:520qA5VGL9iI0SbmEnTVNg'}",520qA5VGL9iI0SbmEnTVNg,60,"['afro dancehall', 'afropop', 'azontobeats', 'nigerian pop', 'swedish dancehall', 'uk dancehall']",The Matter (feat. Wizkid),48,0.697,0.841,2,-6.782,1,0.271,0.224,0.0,0.336,0.808,103.07,afrobeats
4voOsb8qpJ569JaMiGAyrl,Slow Down (feat. Wiz Kid),R2Bees,"{'external_urls': {'spotify': 'https://open.spotify.com/artist/0LFsP7WPfu5inz9a1amcE4'}, 'followers': {'href': None, 'total': 92260}, 'genres': ['afro dancehall', 'afropop', 'azonto', 'azontobeats', 'ghanaian hip hop', 'ghanaian pop', 'hiplife'], 'href': 'https://api.spotify.com/v1/artists/0LFsP7WPfu5inz9a1amcE4', 'id': '0LFsP7WPfu5inz9a1amcE4', 'images': [{'height': 640, 'url': 'https://i.scdn.co/image/ab6761610000e5eb42f0b7e5c0068e335f113ed2', 'width': 640}, {'height': 320, 'url': 'https://i.scdn.co/image/ab6761610000517442f0b7e5c0068e335f113ed2', 'width': 320}, {'height': 160, 'url': 'https://i.scdn.co/image/ab6761610000f17842f0b7e5c0068e335f113ed2', 'width': 160}], 'name': 'R2Bees', 'popularity': 52, 'type': 'artist', 'uri': 'spotify:artist:0LFsP7WPfu5inz9a1amcE4'}",0LFsP7WPfu5inz9a1amcE4,52,"['afro dancehall', 'afropop', 'azonto', 'azontobeats', 'ghanaian hip hop', 'ghanaian pop', 'hiplife']",Refuse to Be Broke: Da Revolution 2,53,0.52,0.717,6,-3.006,0,0.389,0.116,0.0,0.249,0.704,135.55,afrobeats
4bv9fcxjNNBDP6GNAgrvbp,Like to Party,Burna Boy,"{'external_urls': {'spotify': 'https://open.spotify.com/artist/3wcj11K77LjEY1PkEazffa'}, 'followers': {'href': None, 'total': 2055224}, 'genres': ['afro dancehall', 'dancehall', 'nigerian hip hop', 'nigerian pop'], 'href': 'https://api.spotify.com/v1/artists/3wcj11K77LjEY1PkEazffa', 'id': '3wcj11K77LjEY1PkEazffa', 'images': [{'height': 640, 'url': 'https://i.scdn.co/image/ab6761610000e5eb1e6f47b5beb55b52cbece502', 'width': 640}, {'height': 320, 'url': 'https://i.scdn.co/image/ab676161000051741e6f47b5beb55b52cbece502', 'width': 320}, {'height': 160, 'url': 'https://i.scdn.co/image/ab6761610000f1781e6f47b5beb55b52cbece502', 'width': 160}], 'name': 'Burna Boy', 'popularity': 79, 'type': 'artist', 'uri': 'spotify:artist:3wcj11K77LjEY1PkEazffa'}",3wcj11K77LjEY1PkEazffa,79,"['afro dancehall', 'dancehall', 'nigerian hip hop', 'nigerian pop']",Like to Party,43,0.451,0.717,7,-6.972,1,0.338,0.136,0.0,0.121,0.757,108.955,afrobeats
5uQdQMW0TshEPngJC0pPSg,Yahooze,Olu Maintain,"{'external_urls': {'spotify': 'https://open.spotify.com/artist/0MhOwPj45dpyuqe8pxKXoc'}, 'followers': {'href': None, 'total': 25435}, 'genres': ['afro dancehall', 'afropop', 'azonto', 'naija old school'], 'href': 'https://api.spotify.com/v1/artists/0MhOwPj45dpyuqe8pxKXoc', 'id': '0MhOwPj45dpyuqe8pxKXoc', 'images': [{'height': 640, 'url': 'https://i.scdn.co/image/ab67616d0000b27366639a52486be85949fd1cc1', 'width': 640}, {'height': 300, 'url': 'https://i.scdn.co/image/ab67616d00001e0266639a52486be85949fd1cc1', 'width': 300}, {'height': 64, 'url': 'https://i.scdn.co/image/ab67616d0000485166639a52486be85949fd1cc1', 'width': 64}], 'name': 'Olu Maintain', 'popularity': 28, 'type': 'artist', 'uri': 'spotify:artist:0MhOwPj45dpyuqe8pxKXoc'}",0MhOwPj45dpyuqe8pxKXoc,28,"['afro dancehall', 'afropop', 'azonto', 'naija old school']",Olu Maintain,42,0.83,0.707,5,-7.325,1,0.0778,0.0688,0.0,0.122,0.821,112.978,afrobeats
07ANhZt44fsOCbHYq3MYPc,Bumper To Bumper,Wande Coal,"{'external_urls': {'spotify': 'https://open.spotify.com/artist/1fYVmAFB7sC7eDoF3mJXla'}, 'followers': {'href': None, 'total': 272554}, 'genres': ['afro dancehall', 'afropop', 'azontobeats', 'nigerian hip hop', 'nigerian pop'], 'href': 'https://api.spotify.com/v1/artists/1fYVmAFB7sC7eDoF3mJXla', 'id': '1fYVmAFB7sC7eDoF3mJXla', 'images': [{'height': 640, 'url': 'https://i.scdn.co/image/ab6761610000e5eb4cc61e03fccf8573d5e9893e', 'width': 640}, {'height': 320, 'url': 'https://i.scdn.co/image/ab676161000051744cc61e03fccf8573d5e9893e', 'width': 320}, {'height': 160, 'url': 'https://i.scdn.co/image/ab6761610000f1784cc61e03fccf8573d5e9893e', 'width': 160}], 'name': 'Wande Coal', 'popularity': 58, 'type': 'artist', 'uri': 'spotify:artist:1fYVmAFB7sC7eDoF3mJXla'}",1fYVmAFB7sC7eDoF3mJXla,58,"['afro dancehall', 'afropop', 'azontobeats', 'nigerian hip hop', 'nigerian pop']",Best Of Wande Coal,0,0.771,0.735,5,-9.162,0,0.116,0.148,0.0,0.288,0.385,119.983,afrobeats
02zOOqmlnTCtLPg98cTqPw,Dami Duro,DaVido,"{'external_urls': {'spotify': 'https://open.spotify.com/artist/0Y3agQaa6g2r0YmHPOO9rh'}, 'followers': {'href': None, 'total': 1249749}, 'genres': ['afropop', 'ghanaian hip hop', 'nigerian pop'], 'href': 'https://api.spotify.com/v1/artists/0Y3agQaa6g2r0YmHPOO9rh', 'id': '0Y3agQaa6g2r0YmHPOO9rh', 'images': [{'height': 640, 'url': 'https://i.scdn.co/image/ab6761610000e5eb19947aac2283d92cae699753', 'width': 640}, {'height': 320, 'url': 'https://i.scdn.co/image/ab6761610000517419947aac2283d92cae699753', 'width': 320}, {'height': 160, 'url': 'https://i.scdn.co/image/ab6761610000f17819947aac2283d92cae699753', 'width': 160}], 'name': 'DaVido', 'popularity': 71, 'type': 'artist', 'uri': 'spotify:artist:0Y3agQaa6g2r0YmHPOO9rh'}",0Y3agQaa6g2r0YmHPOO9rh,71,"['afropop', 'ghanaian hip hop', 'nigerian pop']",Best Of Davido,0,0.659,0.995,0,-0.735,0,0.194,0.188,0.0,0.216,0.707,124.983,afrobeats
5JEw4FrNlWmHxgBkw0jbEj,Gongo Aso,9ice,"{'external_urls': {'spotify': 'https://open.spotify.com/artist/0AJdNiFdUdmiU2TNg5fSzH'}, 'followers': {'href': None, 'total': 83149}, 'genres': ['afro dancehall', 'afropop', 'azonto', 'nigerian hip hop', 'nigerian pop'], 'href': 'https://api.spotify.com/v1/artists/0AJdNiFdUdmiU2TNg5fSzH', 'id': '0AJdNiFdUdmiU2TNg5fSzH', 'images': [{'height': 640, 'url': 'https://i.scdn.co/image/ab6761610000e5eb2b4d9e5ce606a9159f980d45', 'width': 640}, {'height': 320, 'url': 'https://i.scdn.co/image/ab676161000051742b4d9e5ce606a9159f980d45', 'width': 320}, {'height': 160, 'url': 'https://i.scdn.co/image/ab6761610000f1782b4d9e5ce606a9159f980d45', 'width': 160}], 'name': '9ice', 'popularity': 41, 'type': 'artist', 'uri': 'spotify:artist:0AJdNiFdUdmiU2TNg5fSzH'}",0AJdNiFdUdmiU2TNg5fSzH,41,"['afro dancehall', 'afropop', 'azonto', 'nigerian hip hop', 'nigerian pop']",Gongo Aso,0,0.824,0.965,4,-2.742,1,0.0409,0.245,9.84e-05,0.0983,0.902,110.03,afrobeats
6C6xlP5zYRhYSNI5ORl6Wd,Don't Dull,WizKid,"{'external_urls': {'spotify': 'https://open.spotify.com/artist/3tVQdUvClmAT7URs9V3rsp'}, 'followers': {'href': None, 'total': 1867522}, 'genres': ['afro dancehall', 'afropop', 'azonto', 'nigerian hip hop', 'nigerian pop'], 'href': 'https://api.spotify.com/v1/artists/3tVQdUvClmAT7URs9V3rsp', 'id': '3tVQdUvClmAT7URs9V3rsp', 'images': [{'height': 640, 'url': 'https://i.scdn.co/image/ab6761610000e5eb9050b61368975fda051cdc06', 'width': 640}, {'height': 320, 'url': 'https://i.scdn.co/image/ab676161000051749050b61368975fda051cdc06', 'width': 320}, {'height': 160, 'url': 'https://i.scdn.co/image/ab6761610000f1789050b61368975fda051cdc06', 'width': 160}], 'name': 'WizKid', 'popularity': 80, 'type': 'artist', 'uri': 'spotify:artist:3tVQdUvClmAT7URs9V3rsp'}",3tVQdUvClmAT7URs9V3rsp,80,"['afro dancehall', 'afropop', 'azonto', 'nigerian hip hop', 'nigerian pop']",Superstar,51,0.816,0.799,8,-2.173,0,0.238,0.531,0.0,0.0834,0.925,110.008,afrobeats
1rVyxy6CRo3dB5z5oNKZfc,Swagger,Ruff-N-Smooth,"{'external_urls': {'spotify': 'https://open.spotify.com/artist/4KSIIR6dY7MPuq5WRWfS56'}, 'followers': {'href': None, 'total': 15281}, 'genres': ['afro dancehall', 'afropop', 'azonto', 'hiplife', 'sierra leonean pop'], 'href': 'https://api.spotify.com/v1/artists/4KSIIR6dY7MPuq5WRWfS56', 'id': '4KSIIR6dY7MPuq5WRWfS56', 'images': [{'height': 640, 'url': 'https://i.scdn.co/image/ab67616d0000b2737841f60d333cb6d6c5959c96', 'width': 640}, {'height': 300, 'url': 'https://i.scdn.co/image/ab67616d00001e027841f60d333cb6d6c5959c96', 'width': 300}, {'height': 64, 'url': 'https://i.scdn.co/image/ab67616d000048517841f60d333cb6d6c5959c96', 'width': 64}], 'name': 'Ruff-N-Smooth', 'popularity': 33, 'type': 'artist', 'uri': 'spotify:artist:4KSIIR6dY7MPuq5WRWfS56'}",4KSIIR6dY7MPuq5WRWfS56,33,"['afro dancehall', 'afropop', 'azonto', 'hiplife', 'sierra leonean pop']",Life Is Rough & Smooth,43,0.747,0.78,9,-10.149,0,0.0398,0.23,0.0,0.11,0.915,109.991,afrobeats
2oiMs23DJaCEj0KSj6ZOjv,Kolom,BukBak,"{'external_urls': {'spotify': 'https://open.spotify.com/artist/1E0CW7edfYKv66MrCVSnmV'}, 'followers': {'href': None, 'total': 115}, 'genres': [], 'href': 'https://api.spotify.com/v1/artists/1E0CW7edfYKv66MrCVSnmV', 'id': '1E0CW7edfYKv66MrCVSnmV', 'images': [{'height': 640, 'url': 'https://i.scdn.co/image/ab67616d0000b27341681b5ad8c5936812d0f862', 'width': 640}, {'height': 300, 'url': 'https://i.scdn.co/image/ab67616d00001e0241681b5ad8c5936812d0f862', 'width': 300}, {'height': 64, 'url': 'https://i.scdn.co/image/ab67616d0000485141681b5ad8c5936812d0f862', 'width': 64}], 'name': 'BukBak', 'popularity': 24, 'type': 'artist', 'uri': 'spotify:artist:1E0CW7edfYKv66MrCVSnmV'}",1E0CW7edfYKv66MrCVSnmV,24,[],Kolom,41,0.765,0.861,8,-2.81,1,0.165,0.209,0.0,0.345,0.905,127.978,afrobeats
7vpMQ2vmU6O2qFG7aNKwiL,Skin Tight (feat. Efya),Mr Eazi,"{'external_urls': {'spotify': 'https://open.spotify.com/artist/4TAoP0f9OuWZUesao43xUW'}, 'followers': {'href': None, 'total': 670612}, 'genres': ['afro dancehall', 'afropop', 'ghanaian hip hop', 'nigerian pop', 'swedish dancehall'], 'href': 'https://api.spotify.com/v1/artists/4TAoP0f9OuWZUesao43xUW', 'id': '4TAoP0f9OuWZUesao43xUW', 'images': [{'height': 640, 'url': 'https://i.scdn.co/image/ab6761610000e5eb7539239e9e875caf1e7a7ed9', 'width': 640}, {'height': 320, 'url': 'https://i.scdn.co/image/ab676161000051747539239e9e875caf1e7a7ed9', 'width': 320}, {'height': 160, 'url': 'https://i.scdn.co/image/ab6761610000f1787539239e9e875caf1e7a7ed9', 'width': 160}], 'name': 'Mr Eazi', 'popularity': 70, 'type': 'artist', 'uri': 'spotify:artist:4TAoP0f9OuWZUesao43xUW'}",4TAoP0f9OuWZUesao43xUW,70,"['afro dancehall', 'afropop', 'ghanaian hip hop', 'nigerian pop', 'swedish dancehall']",Skin Tight (feat. Efya),0,0.654,0.439,9,-7.114,0,0.263,0.152,1.11e-05,0.111,0.512,111.358,afrobeats
1XD2smsByGKUCgHhyZyVtF,Amorawa - Bonus Track,Wande Coal,"{'external_urls': {'spotify': 'https://open.spotify.com/artist/1fYVmAFB7sC7eDoF3mJXla'}, 'followers': {'href': None, 'total': 272554}, 'genres': ['afro dancehall', 'afropop', 'azontobeats', 'nigerian hip hop', 'nigerian pop'], 'href': 'https://api.spotify.com/v1/artists/1fYVmAFB7sC7eDoF3mJXla', 'id': '1fYVmAFB7sC7eDoF3mJXla', 'images': [{'height': 640, 'url': 'https://i.scdn.co/image/ab6761610000e5eb4cc61e03fccf8573d5e9893e', 'width': 640}, {'height': 320, 'url': 'https://i.scdn.co/image/ab676161000051744cc61e03fccf8573d5e9893e', 'width': 320}, {'height': 160, 'url': 'https://i.scdn.co/image/ab6761610000f1784cc61e03fccf8573d5e9893e', 'width': 160}], 'name': 'Wande Coal', 'popularity': 58, 'type': 'artist', 'uri': 'spotify:artist:1fYVmAFB7sC7eDoF3mJXla'}",1fYVmAFB7sC7eDoF3mJXla,58,"['afro dancehall', 'afropop', 'azontobeats', 'nigerian hip hop', 'nigerian pop']",Wanted,37,0.551,0.786,8,-3.444,1,0.216,0.0154,0.0,0.183,0.544,195.844,afrobeats
1uUicV3BDzRccm6azPFnrl,Tonight,Burna Boy,"{'external_urls': {'spotify': 'https://open.spotify.com/artist/3wcj11K77LjEY1PkEazffa'}, 'followers': {'href': None, 'total': 2055224}, 'genres': ['afro dancehall', 'dancehall', 'nigerian hip hop', 'nigerian pop'], 'href': 'https://api.spotify.com/v1/artists/3wcj11K77LjEY1PkEazffa', 'id': '3wcj11K77LjEY1PkEazffa', 'images': [{'height': 640, 'url': 'https://i.scdn.co/image/ab6761610000e5eb1e6f47b5beb55b52cbece502', 'width': 640}, {'height': 320, 'url': 'https://i.scdn.co/image/ab676161000051741e6f47b5beb55b52cbece502', 'width': 320}, {'height': 160, 'url': 'https://i.scdn.co/image/ab6761610000f1781e6f47b5beb55b52cbece502', 'width': 160}], 'name': 'Burna Boy', 'popularity': 79, 'type': 'artist', 'uri': 'spotify:artist:3wcj11K77LjEY1PkEazffa'}",3wcj11K77LjEY1PkEazffa,79,"['afro dancehall', 'dancehall', 'nigerian hip hop', 'nigerian pop']",L.I.F.E - Leaving an Impact for Eternity (Deluxe Edition),46,0.796,0.676,5,-6.51,0,0.0525,0.0359,6.26e-06,0.0549,0.733,112.019,afrobeats
0TDFU3SY7Z7l74c7M7kJFO,Kiss Your Hand (feat. Wande Coal),R2Bees,"{'external_urls': {'spotify': 'https://open.spotify.com/artist/0LFsP7WPfu5inz9a1amcE4'}, 'followers': {'href': None, 'total': 92260}, 'genres': ['afro dancehall', 'afropop', 'azonto', 'azontobeats', 'ghanaian hip hop', 'ghanaian pop', 'hiplife'], 'href': 'https://api.spotify.com/v1/artists/0LFsP7WPfu5inz9a1amcE4', 'id': '0LFsP7WPfu5inz9a1amcE4', 'images': [{'height': 640, 'url': 'https://i.scdn.co/image/ab6761610000e5eb42f0b7e5c0068e335f113ed2', 'width': 640}, {'height': 320, 'url': 'https://i.scdn.co/image/ab6761610000517442f0b7e5c0068e335f113ed2', 'width': 320}, {'height': 160, 'url': 'https://i.scdn.co/image/ab6761610000f17842f0b7e5c0068e335f113ed2', 'width': 160}], 'name': 'R2Bees', 'popularity': 52, 'type': 'artist', 'uri': 'spotify:artist:0LFsP7WPfu5inz9a1amcE4'}",0LFsP7WPfu5inz9a1amcE4,52,"['afro dancehall', 'afropop', 'azonto', 'azontobeats', 'ghanaian hip hop', 'ghanaian pop', 'hiplife']",Da Revolution,47,0.754,0.946,5,-3.581,1,0.0537,0.188,0.0,0.0706,0.923,125.013,afrobeats
6TARhI06IcFdWyVuuizLy1,Fall in Love,D'banj,"{'external_urls': {'spotify': 'https://open.spotify.com/artist/5RCdjio4ASMQ8CFaSuAl6C'}, 'followers': {'href': None, 'total': 131128}, 'genres': ['afro dancehall', 'afropop', 'azontobeats', 'highlife', 'nigerian pop'], 'href': 'https://api.spotify.com/v1/artists/5RCdjio4ASMQ8CFaSuAl6C', 'id': '5RCdjio4ASMQ8CFaSuAl6C', 'images': [{'height': 640, 'url': 'https://i.scdn.co/image/ab6761610000e5eb4cd5da5d02daa5f6b3b26347', 'width': 640}, {'height': 320, 'url': 'https://i.scdn.co/image/ab676161000051744cd5da5d02daa5f6b3b26347', 'width': 320}, {'height': 160, 'url': 'https://i.scdn.co/image/ab6761610000f1784cd5da5d02daa5f6b3b26347', 'width': 160}], 'name': ""D'banj"", 'popularity': 49, 'type': 'artist', 'uri': 'spotify:artist:5RCdjio4ASMQ8CFaSuAl6C'}",5RCdjio4ASMQ8CFaSuAl6C,49,"['afro dancehall', 'afropop', 'azontobeats', 'highlife', 'nigerian pop']",D'banj Essentials,47,0.767,0.758,6,-7.067,1,0.0793,0.0395,0.0,0.276,0.893,104.983,afrobeats
57Gu531HyBd4QmPsQXl165,No Lele,WizKid,"{'external_urls': {'spotify': 'https://open.spotify.com/artist/3tVQdUvClmAT7URs9V3rsp'}, 'followers': {'href': None, 'total': 1867522}, 'genres': ['afro dancehall', 'afropop', 'azonto', 'nigerian hip hop', 'nigerian pop'], 'href': 'https://api.spotify.com/v1/artists/3tVQdUvClmAT7URs9V3rsp', 'id': '3tVQdUvClmAT7URs9V3rsp', 'images': [{'height': 640, 'url': 'https://i.scdn.co/image/ab6761610000e5eb9050b61368975fda051cdc06', 'width': 640}, {'height': 320, 'url': 'https://i.scdn.co/image/ab676161000051749050b61368975fda051cdc06', 'width': 320}, {'height': 160, 'url': 'https://i.scdn.co/image/ab6761610000f1789050b61368975fda051cdc06', 'width': 160}], 'name': 'WizKid', 'popularity': 80, 'type': 'artist', 'uri': 'spotify:artist:3tVQdUvClmAT7URs9V3rsp'}",3tVQdUvClmAT7URs9V3rsp,80,"['afro dancehall', 'afropop', 'azonto', 'nigerian hip hop', 'nigerian pop']",Superstar,45,0.559,0.835,6,-4.256,0,0.185,0.54,0.0,0.243,0.935,136.29,afrobeats
405XbnXle3IZ5Aj2bZT3Nu,The Thing,Drumz,"{'external_urls': {'spotify': 'https://open.spotify.com/artist/4fGcqONONvUtBpp8G84u7s'}, 'followers': {'href': None, 'total': 2409}, 'genres': ['afro dancehall', 'azonto'], 'href': 'https://api.spotify.com/v1/artists/4fGcqONONvUtBpp8G84u7s', 'id': '4fGcqONONvUtBpp8G84u7s', 'images': [{'height': 640, 'url': 'https://i.scdn.co/image/ab6761610000e5eb1833216157227eef9772a12c', 'width': 640}, {'height': 320, 'url': 'https://i.scdn.co/image/ab676161000051741833216157227eef9772a12c', 'width': 320}, {'height': 160, 'url': 'https://i.scdn.co/image/ab6761610000f1781833216157227eef9772a12c', 'width': 160}], 'name': 'Drumz', 'popularity': 28, 'type': 'artist', 'uri': 'spotify:artist:4fGcqONONvUtBpp8G84u7s'}",4fGcqONONvUtBpp8G84u7s,28,"['afro dancehall', 'azonto']",The Thing,39,0.799,0.92,6,-2.888,0,0.121,0.552,0.0,0.0919,0.961,125.017,afrobeats
53C1jcNfeMGnlZLTbVrgU2,Malonogede,Timaya,"{'external_urls': {'spotify': 'https://open.spotify.com/artist/7gEgjd9W1P1iAD9FbubrqC'}, 'followers': {'href': None, 'total': 242036}, 'genres': ['afro dancehall', 'afropop', 'azonto', 'azontobeats', 'dancehall', 'nigerian pop'], 'href': 'https://api.spotify.com/v1/artists/7gEgjd9W1P1iAD9FbubrqC', 'id': '7gEgjd9W1P1iAD9FbubrqC', 'images': [{'height': 640, 'url': 'https://i.scdn.co/image/ab6761610000e5ebf9857d2ac958a6eccd2e35f3', 'width': 640}, {'height': 320, 'url': 'https://i.scdn.co/image/ab67616100005174f9857d2ac958a6eccd2e35f3', 'width': 320}, {'height': 160, 'url': 'https://i.scdn.co/image/ab6761610000f178f9857d2ac958a6eccd2e35f3', 'width': 160}], 'name': 'Timaya', 'popularity': 58, 'type': 'artist', 'uri': 'spotify:artist:7gEgjd9W1P1iAD9FbubrqC'}",7gEgjd9W1P1iAD9FbubrqC,58,"['afro dancehall', 'afropop', 'azonto', 'azontobeats', 'dancehall', 'nigerian pop']",Upgrade,40,0.738,0.931,7,-2.379,1,0.185,0.229,0.0,0.251,0.921,128.001,afrobeats
12n8d0AfedBQysTcN4Tg6W,Obianuju,Duncan Mighty,"{'external_urls': {'spotify': 'https://open.spotify.com/artist/5N47dnIfPuGH8kIHpf8gZK'}, 'followers': {'href': None, 'total': 88633}, 'genres': ['afro dancehall', 'afropop', 'azonto', 'highlife', 'naija old school', 'nigerian pop'], 'href': 'https://api.spotify.com/v1/artists/5N47dnIfPuGH8kIHpf8gZK', 'id': '5N47dnIfPuGH8kIHpf8gZK', 'images': [{'height': 640, 'url': 'https://i.scdn.co/image/ab6761610000e5eb009f8d5934feef3f274b94ea', 'width': 640}, {'height': 320, 'url': 'https://i.scdn.co/image/ab67616100005174009f8d5934feef3f274b94ea', 'width': 320}, {'height': 160, 'url': 'https://i.scdn.co/image/ab6761610000f178009f8d5934feef3f274b94ea', 'width': 160}], 'name': 'Duncan Mighty', 'popularity': 46, 'type': 'artist', 'uri': 'spotify:artist:5N47dnIfPuGH8kIHpf8gZK'}",5N47dnIfPuGH8kIHpf8gZK,46,"['afro dancehall', 'afropop', 'azonto', 'highlife', 'naija old school', 'nigerian pop']",Legacy (Ahamefuna),51,0.696,0.693,1,-4.031,1,0.101,0.187,0.0,0.0771,0.935,108.928,afrobeats
1zWSf29jBrScFFxwhr1OLa,Wengeze,Eazzy,"{'external_urls': {'spotify': 'https://open.spotify.com/artist/0kLj779fKzLC2dxFJjsVXm'}, 'followers': {'href': None, 'total': 8959}, 'genres': ['azonto', 'hiplife'], 'href': 'https://api.spotify.com/v1/artists/0kLj779fKzLC2dxFJjsVXm', 'id': '0kLj779fKzLC2dxFJjsVXm', 'images': [{'height': 640, 'url': 'https://i.scdn.co/image/ab6761610000e5eb4fa0d3faed3be17bef4037c5', 'width': 640}, {'height': 320, 'url': 'https://i.scdn.co/image/ab676161000051744fa0d3faed3be17bef4037c5', 'width': 320}, {'height': 160, 'url': 'https://i.scdn.co/image/ab6761610000f1784fa0d3faed3be17bef4037c5', 'width': 160}], 'name': 'Eazzy', 'popularity': 20, 'type': 'artist', 'uri': 'spotify:artist:0kLj779fKzLC2dxFJjsVXm'}",0kLj779fKzLC2dxFJjsVXm,20,"['azonto', 'hiplife']",Bo Wonsem Ma Me,0,0.876,0.847,7,-5.642,1,0.22,0.134,0.0114,0.115,0.759,124.95,afrobeats
0c5mtgPNP2jBk9fdVtZ3lf,Tease Me / Bad Guys,WizKid,"{'external_urls': {'spotify': 'https://open.spotify.com/artist/3tVQdUvClmAT7URs9V3rsp'}, 'followers': {'href': None, 'total': 1867522}, 'genres': ['afro dancehall', 'afropop', 'azonto', 'nigerian hip hop', 'nigerian pop'], 'href': 'https://api.spotify.com/v1/artists/3tVQdUvClmAT7URs9V3rsp', 'id': '3tVQdUvClmAT7URs9V3rsp', 'images': [{'height': 640, 'url': 'https://i.scdn.co/image/ab6761610000e5eb9050b61368975fda051cdc06', 'width': 640}, {'height': 320, 'url': 'https://i.scdn.co/image/ab676161000051749050b61368975fda051cdc06', 'width': 320}, {'height': 160, 'url': 'https://i.scdn.co/image/ab6761610000f1789050b61368975fda051cdc06', 'width': 160}], 'name': 'WizKid', 'popularity': 80, 'type': 'artist', 'uri': 'spotify:artist:3tVQdUvClmAT7URs9V3rsp'}",3tVQdUvClmAT7URs9V3rsp,80,"['afro dancehall', 'afropop', 'azonto', 'nigerian hip hop', 'nigerian pop']",Superstar,44,0.613,0.951,9,-2.305,0,0.261,0.00376,0.0,0.0774,0.93,104.427,afrobeats
5odE6ttDuVxOebSaXsjTVz,Soke,Burna Boy,"{'external_urls': {'spotify': 'https://open.spotify.com/artist/3wcj11K77LjEY1PkEazffa'}, 'followers': {'href': None, 'total': 2055224}, 'genres': ['afro dancehall', 'dancehall', 'nigerian hip hop', 'nigerian pop'], 'href': 'https://api.spotify.com/v1/artists/3wcj11K77LjEY1PkEazffa', 'id': '3wcj11K77LjEY1PkEazffa', 'images': [{'height': 640, 'url': 'https://i.scdn.co/image/ab6761610000e5eb1e6f47b5beb55b52cbece502', 'width': 640}, {'height': 320, 'url': 'https://i.scdn.co/image/ab676161000051741e6f47b5beb55b52cbece502', 'width': 320}, {'height': 160, 'url': 'https://i.scdn.co/image/ab6761610000f1781e6f47b5beb55b52cbece502', 'width': 160}], 'name': 'Burna Boy', 'popularity': 79, 'type': 'artist', 'uri': 'spotify:artist:3wcj11K77LjEY1PkEazffa'}",3wcj11K77LjEY1PkEazffa,79,"['afro dancehall', 'dancehall', 'nigerian hip hop', 'nigerian pop']",On A Spaceship,0,0.647,0.497,9,-11.174,1,0.104,0.599,5.86e-06,0.102,0.883,203.868,afrobeats
0tjRxRv1JonYbxX0RD1Smw,Karolina,Awilo Longomba,"{'external_urls': {'spotify': 'https://open.spotify.com/artist/0WDUZIWwoxCyAfT7NFFSFT'}, 'followers': {'href': None, 'total': 27311}, 'genres': ['afro dancehall', 'afropop', 'azontobeats', 'makossa', 'nigerian hip hop', 'soukous'], 'href': 'https://api.spotify.com/v1/artists/0WDUZIWwoxCyAfT7NFFSFT', 'id': '0WDUZIWwoxCyAfT7NFFSFT', 'images': [{'height': 640, 'url': 'https://i.scdn.co/image/ab6761610000e5eb42109893345f0ff9f82e4ace', 'width': 640}, {'height': 320, 'url': 'https://i.scdn.co/image/ab6761610000517442109893345f0ff9f82e4ace', 'width': 320}, {'height': 160, 'url': 'https://i.scdn.co/image/ab6761610000f17842109893345f0ff9f82e4ace', 'width': 160}], 'name': 'Awilo Longomba', 'popularity': 42, 'type': 'artist', 'uri': 'spotify:artist:0WDUZIWwoxCyAfT7NFFSFT'}",0WDUZIWwoxCyAfT7NFFSFT,42,"['afro dancehall', 'afropop', 'azontobeats', 'makossa', 'nigerian hip hop', 'soukous']",Mondongo,51,0.637,0.977,4,-3.083,1,0.0494,0.0862,0.0,0.15,0.942,120.009,afrobeats
3sIofHrXIc1o5OFkP9Kk6N,Igwe,MidnightCrew,"{'external_urls': {'spotify': 'https://open.spotify.com/artist/0OMSLorUnoVqtEqfXw0Ejz'}, 'followers': {'href': None, 'total': 1512}, 'genres': [], 'href': 'https://api.spotify.com/v1/artists/0OMSLorUnoVqtEqfXw0Ejz', 'id': '0OMSLorUnoVqtEqfXw0Ejz', 'images': [], 'name': 'MidnightCrew', 'popularity': 0, 'type': 'artist', 'uri': 'spotify:artist:0OMSLorUnoVqtEqfXw0Ejz'}",0OMSLorUnoVqtEqfXw0Ejz,0,[],IGWE,0,0.521,0.886,9,-0.679,1,0.239,0.231,0.0,0.0782,0.744,115.051,afrobeats
0r6z4y1ipgGloVF3ZPSfZ7,Aben Wo Aha,Daddy Lumba,"{'external_urls': {'spotify': 'https://open.spotify.com/artist/5yeOizI77ma33LNac9KiZr'}, 'followers': {'href': None, 'total': 59226}, 'genres': ['azonto', 'highlife', 'hiplife'], 'href': 'https://api.spotify.com/v1/artists/5yeOizI77ma33LNac9KiZr', 'id': '5yeOizI77ma33LNac9KiZr', 'images': [{'height': 640, 'url': 'https://i.scdn.co/image/ab6761610000e5eb7abb584c2364d2548c1a052c', 'width': 640}, {'height': 320, 'url': 'https://i.scdn.co/image/ab676161000051747abb584c2364d2548c1a052c', 'width': 320}, {'height': 160, 'url': 'https://i.scdn.co/image/ab6761610000f1787abb584c2364d2548c1a052c', 'width': 160}], 'name': 'Daddy Lumba', 'popularity': 43, 'type': 'artist', 'uri': 'spotify:artist:5yeOizI77ma33LNac9KiZr'}",5yeOizI77ma33LNac9KiZr,43,"['azonto', 'highlife', 'hiplife']",Aben Wa Ha,0,0.786,0.784,0,-5.167,1,0.0458,0.111,0.000929,0.0665,0.954,114.434,afrobeats
4Ql8dfmVkKEVz0ZMnvw8xi,Chingam (feat. Bisa Kdei),Sarkodie,"{'external_urls': {'spotify': 'https://open.spotify.com/artist/01DTVE3KmoPogPZaOvMqO8'}, 'followers': {'href': None, 'total': 243673}, 'genres': ['afro dancehall', 'afropop', 'azonto', 'azontobeats', 'ghanaian hip hop', 'hiplife'], 'href': 'https://api.spotify.com/v1/artists/01DTVE3KmoPogPZaOvMqO8', 'id': '01DTVE3KmoPogPZaOvMqO8', 'images': [{'height': 640, 'url': 'https://i.scdn.co/image/ab6761610000e5ebd15432e0aded2368e37bda5e', 'width': 640}, {'height': 320, 'url': 'https://i.scdn.co/image/ab67616100005174d15432e0aded2368e37bda5e', 'width': 320}, {'height': 160, 'url': 'https://i.scdn.co/image/ab6761610000f178d15432e0aded2368e37bda5e', 'width': 160}], 'name': 'Sarkodie', 'popularity': 57, 'type': 'artist', 'uri': 'spotify:artist:01DTVE3KmoPogPZaOvMqO8'}",01DTVE3KmoPogPZaOvMqO8,57,"['afro dancehall', 'afropop', 'azonto', 'azontobeats', 'ghanaian hip hop', 'hiplife']",Chingam (feat. Bisa Kdei),39,0.768,0.851,0,-4.947,0,0.144,0.311,0.0,0.386,0.701,107.981,afrobeats
7AJcPmSg6OhbdTkOSXQ8YO,Hol' it,Shatta Wale,"{'external_urls': {'spotify': 'https://open.spotify.com/artist/42q0rYXtR561ypg1Fcw1PI'}, 'followers': {'href': None, 'total': 131920}, 'genres': ['afro dancehall', 'azonto', 'azontobeats', 'ghanaian pop'], 'href': 'https://api.spotify.com/v1/artists/42q0rYXtR561ypg1Fcw1PI', 'id': '42q0rYXtR561ypg1Fcw1PI', 'images': [{'height': 640, 'url': 'https://i.scdn.co/image/ab6761610000e5eb7bd706881e7d739d32bafb43', 'width': 640}, {'height': 320, 'url': 'https://i.scdn.co/image/ab676161000051747bd706881e7d739d32bafb43', 'width': 320}, {'height': 160, 'url': 'https://i.scdn.co/image/ab6761610000f1787bd706881e7d739d32bafb43', 'width': 160}], 'name': 'Shatta Wale', 'popularity': 57, 'type': 'artist', 'uri': 'spotify:artist:42q0rYXtR561ypg1Fcw1PI'}",42q0rYXtR561ypg1Fcw1PI,57,"['afro dancehall', 'azonto', 'azontobeats', 'ghanaian pop']",Hol' it,0,0.712,0.446,2,-8.349,0,0.34,0.0533,0.0,0.254,0.641,111.323,afrobeats
7ceisg9MpCeJoLaoPfyu0V,Tonga,Joey B,"{'external_urls': {'spotify': 'https://open.spotify.com/artist/7ACLUXo71FsLZaKMOPDnEJ'}, 'followers': {'href': None, 'total': 59481}, 'genres': ['azonto', 'ghanaian pop'], 'href': 'https://api.spotify.com/v1/artists/7ACLUXo71FsLZaKMOPDnEJ', 'id': '7ACLUXo71FsLZaKMOPDnEJ', 'images': [{'height': 640, 'url': 'https://i.scdn.co/image/ab6761610000e5eb64076c520185cfd0d28f2c67', 'width': 640}, {'height': 320, 'url': 'https://i.scdn.co/image/ab6761610000517464076c520185cfd0d28f2c67', 'width': 320}, {'height': 160, 'url': 'https://i.scdn.co/image/ab6761610000f17864076c520185cfd0d28f2c67', 'width': 160}], 'name': 'Joey B', 'popularity': 49, 'type': 'artist', 'uri': 'spotify:artist:7ACLUXo71FsLZaKMOPDnEJ'}",7ACLUXo71FsLZaKMOPDnEJ,49,"['azonto', 'ghanaian pop']",Tonga,44,0.901,0.645,1,-4.987,1,0.0589,0.13,7.64e-06,0.0969,0.538,108.04,afrobeats
3dx6COHzPCAB1JFFMj58gW,Ajeei (feat. Nana Boroo & Sarkodie),R2Bees,"{'external_urls': {'spotify': 'https://open.spotify.com/artist/0LFsP7WPfu5inz9a1amcE4'}, 'followers': {'href': None, 'total': 92260}, 'genres': ['afro dancehall', 'afropop', 'azonto', 'azontobeats', 'ghanaian hip hop', 'ghanaian pop', 'hiplife'], 'href': 'https://api.spotify.com/v1/artists/0LFsP7WPfu5inz9a1amcE4', 'id': '0LFsP7WPfu5inz9a1amcE4', 'images': [{'height': 640, 'url': 'https://i.scdn.co/image/ab6761610000e5eb42f0b7e5c0068e335f113ed2', 'width': 640}, {'height': 320, 'url': 'https://i.scdn.co/image/ab6761610000517442f0b7e5c0068e335f113ed2', 'width': 320}, {'height': 160, 'url': 'https://i.scdn.co/image/ab6761610000f17842f0b7e5c0068e335f113ed2', 'width': 160}], 'name': 'R2Bees', 'popularity': 52, 'type': 'artist', 'uri': 'spotify:artist:0LFsP7WPfu5inz9a1amcE4'}",0LFsP7WPfu5inz9a1amcE4,52,"['afro dancehall', 'afropop', 'azonto', 'azontobeats', 'ghanaian hip hop', 'ghanaian pop', 'hiplife']",Refuse to Be Broke: Da Revolution 2,33,0.775,0.852,2,-3.414,0,0.0432,0.389,0.0,0.34,0.475,111.845,afrobeats
0hjNPLAN4ZRG57yqOvCL02,You Bad,Wande Coal Ft D'Banj,"{'external_urls': {'spotify': 'https://open.spotify.com/artist/7tmpexALmQ8dt4wqdkMPZo'}, 'followers': {'href': None, 'total': 257}, 'genres': [], 'href': 'https://api.spotify.com/v1/artists/7tmpexALmQ8dt4wqdkMPZo', 'id': '7tmpexALmQ8dt4wqdkMPZo', 'images': [], 'name': ""Wande Coal Ft D'Banj"", 'popularity': 0, 'type': 'artist', 'uri': 'spotify:artist:7tmpexALmQ8dt4wqdkMPZo'}",7tmpexALmQ8dt4wqdkMPZo,0,[],51 Lex Records Presents Carnizelas Vol.2,0,0.744,0.747,1,-6.24,1,0.0549,0.405,0.0,0.0867,0.774,120.044,afrobeats
75u7OvDfLHg0574MoNQhyd,Caro (feat. Lax),WizKid,"{'external_urls': {'spotify': 'https://open.spotify.com/artist/3tVQdUvClmAT7URs9V3rsp'}, 'followers': {'href': None, 'total': 1867522}, 'genres': ['afro dancehall', 'afropop', 'azonto', 'nigerian hip hop', 'nigerian pop'], 'href': 'https://api.spotify.com/v1/artists/3tVQdUvClmAT7URs9V3rsp', 'id': '3tVQdUvClmAT7URs9V3rsp', 'images': [{'height': 640, 'url': 'https://i.scdn.co/image/ab6761610000e5eb9050b61368975fda051cdc06', 'width': 640}, {'height': 320, 'url': 'https://i.scdn.co/image/ab676161000051749050b61368975fda051cdc06', 'width': 320}, {'height': 160, 'url': 'https://i.scdn.co/image/ab6761610000f1789050b61368975fda051cdc06', 'width': 160}], 'name': 'WizKid', 'popularity': 80, 'type': 'artist', 'uri': 'spotify:artist:3tVQdUvClmAT7URs9V3rsp'}",3tVQdUvClmAT7URs9V3rsp,80,"['afro dancehall', 'afropop', 'azonto', 'nigerian hip hop', 'nigerian pop']",Ayo,53,0.698,0.944,9,-2.48,0,0.0628,0.0214,4.68e-05,0.485,0.915,122.183,afrobeats
15aJ5bXwxMiTQCqCZrJtAA,Mo Gbono Feli Feli,D'banj,"{'external_urls': {'spotify': 'https://open.spotify.com/artist/5RCdjio4ASMQ8CFaSuAl6C'}, 'followers': {'href': None, 'total': 131128}, 'genres': ['afro dancehall', 'afropop', 'azontobeats', 'highlife', 'nigerian pop'], 'href': 'https://api.spotify.com/v1/artists/5RCdjio4ASMQ8CFaSuAl6C', 'id': '5RCdjio4ASMQ8CFaSuAl6C', 'images': [{'height': 640, 'url': 'https://i.scdn.co/image/ab6761610000e5eb4cd5da5d02daa5f6b3b26347', 'width': 640}, {'height': 320, 'url': 'https://i.scdn.co/image/ab676161000051744cd5da5d02daa5f6b3b26347', 'width': 320}, {'height': 160, 'url': 'https://i.scdn.co/image/ab6761610000f1784cd5da5d02daa5f6b3b26347', 'width': 160}], 'name': ""D'banj"", 'popularity': 49, 'type': 'artist', 'uri': 'spotify:artist:5RCdjio4ASMQ8CFaSuAl6C'}",5RCdjio4ASMQ8CFaSuAl6C,49,"['afro dancehall', 'afropop', 'azontobeats', 'highlife', 'nigerian pop']",Carnival Street Bangers,31,0.772,0.859,10,-6.396,0,0.0896,0.0753,0.00598,0.0718,0.51,105.962,afrobeats
6aWJGYvtifenSm5hYVYqii,First of All,Olamide,"{'external_urls': {'spotify': 'https://open.spotify.com/artist/4ovtyvs7j1jSmwhkBGHqSr'}, 'followers': {'href': None, 'total': 666578}, 'genres': ['afro dancehall', 'afropop', 'azonto', 'nigerian hip hop', 'nigerian pop'], 'href': 'https://api.spotify.com/v1/artists/4ovtyvs7j1jSmwhkBGHqSr', 'id': '4ovtyvs7j1jSmwhkBGHqSr', 'images': [{'height': 640, 'url': 'https://i.scdn.co/image/ab6761610000e5eb00660a179434dc089a185ce6', 'width': 640}, {'height': 320, 'url': 'https://i.scdn.co/image/ab6761610000517400660a179434dc089a185ce6', 'width': 320}, {'height': 160, 'url': 'https://i.scdn.co/image/ab6761610000f17800660a179434dc089a185ce6', 'width': 160}], 'name': 'Olamide', 'popularity': 67, 'type': 'artist', 'uri': 'spotify:artist:4ovtyvs7j1jSmwhkBGHqSr'}",4ovtyvs7j1jSmwhkBGHqSr,67,"['afro dancehall', 'afropop', 'azonto', 'nigerian hip hop', 'nigerian pop']",YBNL,38,0.923,0.702,0,-6.031,1,0.246,0.066,3.09e-05,0.0999,0.793,124.98,afrobeats
2dguh4zWtrZK6VIJsEsXhe,Wo Onane No,Kwamz & Flava,"{'external_urls': {'spotify': 'https://open.spotify.com/artist/3RdldZQW8cYFLEDEH7haJe'}, 'followers': {'href': None, 'total': 32247}, 'genres': ['afro dancehall', 'afropop', 'azontobeats'], 'href': 'https://api.spotify.com/v1/artists/3RdldZQW8cYFLEDEH7haJe', 'id': '3RdldZQW8cYFLEDEH7haJe', 'images': [{'height': 640, 'url': 'https://i.scdn.co/image/ab6761610000e5ebda10c70dfa0a1d589119065d', 'width': 640}, {'height': 320, 'url': 'https://i.scdn.co/image/ab67616100005174da10c70dfa0a1d589119065d', 'width': 320}, {'height': 160, 'url': 'https://i.scdn.co/image/ab6761610000f178da10c70dfa0a1d589119065d', 'width': 160}], 'name': 'Kwamz & Flava', 'popularity': 40, 'type': 'artist', 'uri': 'spotify:artist:3RdldZQW8cYFLEDEH7haJe'}",3RdldZQW8cYFLEDEH7haJe,40,"['afro dancehall', 'afropop', 'azontobeats']",DeYaaa,42,0.842,0.61,9,-6.91,1,0.096,0.0281,0.0288,0.0927,0.644,110.003,afrobeats
2iTzNWT7x2NXpMngGZQzPd,U Go Kill Me (feat. El),Sarkodie,"{'external_urls': {'spotify': 'https://open.spotify.com/artist/01DTVE3KmoPogPZaOvMqO8'}, 'followers': {'href': None, 'total': 243673}, 'genres': ['afro dancehall', 'afropop', 'azonto', 'azontobeats', 'ghanaian hip hop', 'hiplife'], 'href': 'https://api.spotify.com/v1/artists/01DTVE3KmoPogPZaOvMqO8', 'id': '01DTVE3KmoPogPZaOvMqO8', 'images': [{'height': 640, 'url': 'https://i.scdn.co/image/ab6761610000e5ebd15432e0aded2368e37bda5e', 'width': 640}, {'height': 320, 'url': 'https://i.scdn.co/image/ab67616100005174d15432e0aded2368e37bda5e', 'width': 320}, {'height': 160, 'url': 'https://i.scdn.co/image/ab6761610000f178d15432e0aded2368e37bda5e', 'width': 160}], 'name': 'Sarkodie', 'popularity': 57, 'type': 'artist', 'uri': 'spotify:artist:01DTVE3KmoPogPZaOvMqO8'}",01DTVE3KmoPogPZaOvMqO8,57,"['afro dancehall', 'afropop', 'azonto', 'azontobeats', 'ghanaian hip hop', 'hiplife']",Rapperholic,39,0.863,0.886,9,-2.656,0,0.0796,0.121,1.07e-06,0.06,0.781,118.968,afrobeats
5iv7WkYexGay1BNXXLWYI1,Seihor (feat. Dblack),Castro D’destroyer,"{'external_urls': {'spotify': 'https://open.spotify.com/artist/3kF3qKO6Fi9h8weEzynE5e'}, 'followers': {'href': None, 'total': 18189}, 'genres': ['azonto', 'hiplife'], 'href': 'https://api.spotify.com/v1/artists/3kF3qKO6Fi9h8weEzynE5e', 'id': '3kF3qKO6Fi9h8weEzynE5e', 'images': [{'height': 640, 'url': 'https://i.scdn.co/image/ab67616d0000b273333b36b4f2265e053e49cfa8', 'width': 640}, {'height': 300, 'url': 'https://i.scdn.co/image/ab67616d00001e02333b36b4f2265e053e49cfa8', 'width': 300}, {'height': 64, 'url': 'https://i.scdn.co/image/ab67616d00004851333b36b4f2265e053e49cfa8', 'width': 64}], 'name': 'Castro D’destroyer', 'popularity': 28, 'type': 'artist', 'uri': 'spotify:artist:3kF3qKO6Fi9h8weEzynE5e'}",3kF3qKO6Fi9h8weEzynE5e,28,"['azonto', 'hiplife']",Seihor (feat. Dblack),35,0.902,0.897,5,-4.304,0,0.225,0.354,6.27e-05,0.119,0.661,110.96,afrobeats
5bPpNuK3qgt1UbI18QEUYx,Final (Baba Nla),WizKid,"{'external_urls': {'spotify': 'https://open.spotify.com/artist/3tVQdUvClmAT7URs9V3rsp'}, 'followers': {'href': None, 'total': 1867522}, 'genres': ['afro dancehall', 'afropop', 'azonto', 'nigerian hip hop', 'nigerian pop'], 'href': 'https://api.spotify.com/v1/artists/3tVQdUvClmAT7URs9V3rsp', 'id': '3tVQdUvClmAT7URs9V3rsp', 'images': [{'height': 640, 'url': 'https://i.scdn.co/image/ab6761610000e5eb9050b61368975fda051cdc06', 'width': 640}, {'height': 320, 'url': 'https://i.scdn.co/image/ab676161000051749050b61368975fda051cdc06', 'width': 320}, {'height': 160, 'url': 'https://i.scdn.co/image/ab6761610000f1789050b61368975fda051cdc06', 'width': 160}], 'name': 'WizKid', 'popularity': 80, 'type': 'artist', 'uri': 'spotify:artist:3tVQdUvClmAT7URs9V3rsp'}",3tVQdUvClmAT7URs9V3rsp,80,"['afro dancehall', 'afropop', 'azonto', 'nigerian hip hop', 'nigerian pop']",Final (Baba Nla) - Single,51,0.793,0.726,8,-6.693,0,0.082,0.163,0.0,0.0934,0.902,105.059,afrobeats
6vZyBHBd2evVUqX2USFcdm,Gobe,DaVido,"{'external_urls': {'spotify': 'https://open.spotify.com/artist/0Y3agQaa6g2r0YmHPOO9rh'}, 'followers': {'href': None, 'total': 1249749}, 'genres': ['afropop', 'ghanaian hip hop', 'nigerian pop'], 'href': 'https://api.spotify.com/v1/artists/0Y3agQaa6g2r0YmHPOO9rh', 'id': '0Y3agQaa6g2r0YmHPOO9rh', 'images': [{'height': 640, 'url': 'https://i.scdn.co/image/ab6761610000e5eb19947aac2283d92cae699753', 'width': 640}, {'height': 320, 'url': 'https://i.scdn.co/image/ab6761610000517419947aac2283d92cae699753', 'width': 320}, {'height': 160, 'url': 'https://i.scdn.co/image/ab6761610000f17819947aac2283d92cae699753', 'width': 160}], 'name': 'DaVido', 'popularity': 71, 'type': 'artist', 'uri': 'spotify:artist:0Y3agQaa6g2r0YmHPOO9rh'}",0Y3agQaa6g2r0YmHPOO9rh,71,"['afropop', 'ghanaian hip hop', 'nigerian pop']",Best Of Davido,0,0.631,0.951,9,-5.3,1,0.109,0.171,0.0,0.205,0.776,124.011,afrobeats
6YrUPrGLY5CzrgyleP5kgG,Couper décaler,Teeyah,"{'external_urls': {'spotify': 'https://open.spotify.com/artist/11N8QdhYGEkvG1WBEhNZ3O'}, 'followers': {'href': None, 'total': 22192}, 'genres': ['zouk'], 'href': 'https://api.spotify.com/v1/artists/11N8QdhYGEkvG1WBEhNZ3O', 'id': '11N8QdhYGEkvG1WBEhNZ3O', 'images': [{'height': 640, 'url': 'https://i.scdn.co/image/ab67616d0000b273858785803750a872fb06fc9f', 'width': 640}, {'height': 300, 'url': 'https://i.scdn.co/image/ab67616d00001e02858785803750a872fb06fc9f', 'width': 300}, {'height': 64, 'url': 'https://i.scdn.co/image/ab67616d00004851858785803750a872fb06fc9f', 'width': 64}], 'name': 'Teeyah', 'popularity': 40, 'type': 'artist', 'uri': 'spotify:artist:11N8QdhYGEkvG1WBEhNZ3O'}",11N8QdhYGEkvG1WBEhNZ3O,40,['zouk'],Retro Zouk Tunes,36,0.867,0.771,0,-7.59,1,0.103,0.0392,0.0112,0.0726,0.853,140.002,afrobeats
1urrkZaxQUFsoQD54wvjY3,Boom Boom Tah,Mista Silva,"{'external_urls': {'spotify': 'https://open.spotify.com/artist/2h3gbLjsYV1bTFr0qGYNb5'}, 'followers': {'href': None, 'total': 2702}, 'genres': ['afro dancehall'], 'href': 'https://api.spotify.com/v1/artists/2h3gbLjsYV1bTFr0qGYNb5', 'id': '2h3gbLjsYV1bTFr0qGYNb5', 'images': [{'height': 640, 'url': 'https://i.scdn.co/image/ab6761610000e5ebe9e19e3b9ad109b66c0c2735', 'width': 640}, {'height': 320, 'url': 'https://i.scdn.co/image/ab67616100005174e9e19e3b9ad109b66c0c2735', 'width': 320}, {'height': 160, 'url': 'https://i.scdn.co/image/ab6761610000f178e9e19e3b9ad109b66c0c2735', 'width': 160}], 'name': 'Mista Silva', 'popularity': 34, 'type': 'artist', 'uri': 'spotify:artist:2h3gbLjsYV1bTFr0qGYNb5'}",2h3gbLjsYV1bTFr0qGYNb5,34,['afro dancehall'],Full Vim,30,0.78,0.812,2,-6.263,0,0.0676,0.432,8.82e-05,0.264,0.791,126.028,afrobeats
5J4FiKDJIdJ8AKx2gaWMt4,Your Number,Ayo Jay,"{'external_urls': {'spotify': 'https://open.spotify.com/artist/1V6rvT87qMQvo6HAixjlpY'}, 'followers': {'href': None, 'total': 99394}, 'genres': ['dancehall'], 'href': 'https://api.spotify.com/v1/artists/1V6rvT87qMQvo6HAixjlpY', 'id': '1V6rvT87qMQvo6HAixjlpY', 'images': [{'height': 640, 'url': 'https://i.scdn.co/image/ab6761610000e5ebce443f093155b796b7b4382e', 'width': 640}, {'height': 320, 'url': 'https://i.scdn.co/image/ab67616100005174ce443f093155b796b7b4382e', 'width': 320}, {'height': 160, 'url': 'https://i.scdn.co/image/ab6761610000f178ce443f093155b796b7b4382e', 'width': 160}], 'name': 'Ayo Jay', 'popularity': 56, 'type': 'artist', 'uri': 'spotify:artist:1V6rvT87qMQvo6HAixjlpY'}",1V6rvT87qMQvo6HAixjlpY,56,['dancehall'],Your Number,66,0.588,0.61,9,-5.008,0,0.234,0.534,0.0,0.303,0.645,99.926,afrobeats
2JOO9SzSalKixThDuSAtwY,Premier Gaou,Magic System,"{'external_urls': {'spotify': 'https://open.spotify.com/artist/6MvRVq0CtpQQlwnIiszV8F'}, 'followers': {'href': None, 'total': 180512}, 'genres': ['afropop', 'francoton', 'french pop', 'zouglou'], 'href': 'https://api.spotify.com/v1/artists/6MvRVq0CtpQQlwnIiszV8F', 'id': '6MvRVq0CtpQQlwnIiszV8F', 'images': [{'height': 749, 'url': 'https://i.scdn.co/image/504e83f4449769bb0ba38b8b149e6659f97bb743', 'width': 999}, {'height': 480, 'url': 'https://i.scdn.co/image/68158ad4bf368a4653f07113b53ee746d19020e4', 'width': 640}, {'height': 150, 'url': 'https://i.scdn.co/image/1d3e6221f19771aa48f9641c413f8ac3c9cd897a', 'width': 200}, {'height': 48, 'url': 'https://i.scdn.co/image/d239920e64bceb5ea696b4f77c074a6f607b8158', 'width': 64}], 'name': 'Magic System', 'popularity': 60, 'type': 'artist', 'uri': 'spotify:artist:6MvRVq0CtpQQlwnIiszV8F'}",6MvRVq0CtpQQlwnIiszV8F,60,"['afropop', 'francoton', 'french pop', 'zouglou']",Les plus grands succès du Club Balattou,0,0.842,0.902,7,-5.094,0,0.0602,0.138,0.0,0.0879,0.937,119.014,afrobeats
04spFw8MYyF8JtnziscOM7,Holla At Your Boy,WizKid,"{'external_urls': {'spotify': 'https://open.spotify.com/artist/3tVQdUvClmAT7URs9V3rsp'}, 'followers': {'href': None, 'total': 1867522}, 'genres': ['afro dancehall', 'afropop', 'azonto', 'nigerian hip hop', 'nigerian pop'], 'href': 'https://api.spotify.com/v1/artists/3tVQdUvClmAT7URs9V3rsp', 'id': '3tVQdUvClmAT7URs9V3rsp', 'images': [{'height': 640, 'url': 'https://i.scdn.co/image/ab6761610000e5eb9050b61368975fda051cdc06', 'width': 640}, {'height': 320, 'url': 'https://i.scdn.co/image/ab676161000051749050b61368975fda051cdc06', 'width': 320}, {'height': 160, 'url': 'https://i.scdn.co/image/ab6761610000f1789050b61368975fda051cdc06', 'width': 160}], 'name': 'WizKid', 'popularity': 80, 'type': 'artist', 'uri': 'spotify:artist:3tVQdUvClmAT7URs9V3rsp'}",3tVQdUvClmAT7URs9V3rsp,80,"['afro dancehall', 'afropop', 'azonto', 'nigerian hip hop', 'nigerian pop']",Superstar,41,0.479,0.865,10,-4.964,1,0.362,0.21,0.0,0.0956,0.83,180.138,afrobeats
0ygTK8RCFVhyOKUNG1n4jz,Azonto Ghost,Bisa Kdei,"{'external_urls': {'spotify': 'https://open.spotify.com/artist/4AN8jBgYwV1ieMsX1Ntxwc'}, 'followers': {'href': None, 'total': 66794}, 'genres': ['afro dancehall', 'azontobeats', 'ghanaian hip hop', 'ghanaian pop'], 'href': 'https://api.spotify.com/v1/artists/4AN8jBgYwV1ieMsX1Ntxwc', 'id': '4AN8jBgYwV1ieMsX1Ntxwc', 'images': [{'height': 640, 'url': 'https://i.scdn.co/image/ab6761610000e5eb308ac38a1b501b25c5e56ec8', 'width': 640}, {'height': 320, 'url': 'https://i.scdn.co/image/ab67616100005174308ac38a1b501b25c5e56ec8', 'width': 320}, {'height': 160, 'url': 'https://i.scdn.co/image/ab6761610000f178308ac38a1b501b25c5e56ec8', 'width': 160}], 'name': 'Bisa Kdei', 'popularity': 49, 'type': 'artist', 'uri': 'spotify:artist:4AN8jBgYwV1ieMsX1Ntxwc'}",4AN8jBgYwV1ieMsX1Ntxwc,49,"['afro dancehall', 'azontobeats', 'ghanaian hip hop', 'ghanaian pop']",Thanks Giving,37,0.824,0.653,7,-5.826,1,0.0821,0.443,0.024,0.078,0.924,120.02,afrobeats
6y4nqlHb6WXmHkv3Pa7n3P,Adonai (Remix) [feat. Castro],Sarkodie,"{'external_urls': {'spotify': 'https://open.spotify.com/artist/01DTVE3KmoPogPZaOvMqO8'}, 'followers': {'href': None, 'total': 243673}, 'genres': ['afro dancehall', 'afropop', 'azonto', 'azontobeats', 'ghanaian hip hop', 'hiplife'], 'href': 'https://api.spotify.com/v1/artists/01DTVE3KmoPogPZaOvMqO8', 'id': '01DTVE3KmoPogPZaOvMqO8', 'images': [{'height': 640, 'url': 'https://i.scdn.co/image/ab6761610000e5ebd15432e0aded2368e37bda5e', 'width': 640}, {'height': 320, 'url': 'https://i.scdn.co/image/ab67616100005174d15432e0aded2368e37bda5e', 'width': 320}, {'height': 160, 'url': 'https://i.scdn.co/image/ab6761610000f178d15432e0aded2368e37bda5e', 'width': 160}], 'name': 'Sarkodie', 'popularity': 57, 'type': 'artist', 'uri': 'spotify:artist:01DTVE3KmoPogPZaOvMqO8'}",01DTVE3KmoPogPZaOvMqO8,57,"['afro dancehall', 'afropop', 'azonto', 'azontobeats', 'ghanaian hip hop', 'hiplife']",Adonai (Remix) [feat. Castro],54,0.831,0.669,6,-4.219,1,0.0765,0.351,0.0,0.0539,0.915,109.973,afrobeats
06B0pbiRWZJAfxJXu6R4wY,"Dorobucci (feat. Don Jazzy, Dr Sid, Dr Sid Tiwa Savage, Reekado Banks, Di'ja, Korede Bello & D'prince)",Mavins,"{'external_urls': {'spotify': 'https://open.spotify.com/artist/5JWBXFlYkBy3n2oN1To790'}, 'followers': {'href': None, 'total': 83939}, 'genres': ['afropop', 'azontobeats', 'nigerian pop'], 'href': 'https://api.spotify.com/v1/artists/5JWBXFlYkBy3n2oN1To790', 'id': '5JWBXFlYkBy3n2oN1To790', 'images': [{'height': 640, 'url': 'https://i.scdn.co/image/ab6761610000e5eb55ab38381b1aede85690e817', 'width': 640}, {'height': 320, 'url': 'https://i.scdn.co/image/ab6761610000517455ab38381b1aede85690e817', 'width': 320}, {'height': 160, 'url': 'https://i.scdn.co/image/ab6761610000f17855ab38381b1aede85690e817', 'width': 160}], 'name': 'Mavins', 'popularity': 43, 'type': 'artist', 'uri': 'spotify:artist:5JWBXFlYkBy3n2oN1To790'}",5JWBXFlYkBy3n2oN1To790,43,"['afropop', 'azontobeats', 'nigerian pop']","Dorobucci (feat. Don Jazzy, Dr Sid, Dr Sid Tiwa Savage, Reekado Banks, Di'ja, Korede Bello & D'prince)",52,0.571,0.736,2,-8.697,1,0.141,0.242,8.02e-06,0.186,0.481,197.952,afrobeats
4kbszKEvLCtJ020xd0OVDX,Odo,R2Bees,"{'external_urls': {'spotify': 'https://open.spotify.com/artist/0LFsP7WPfu5inz9a1amcE4'}, 'followers': {'href': None, 'total': 92260}, 'genres': ['afro dancehall', 'afropop', 'azonto', 'azontobeats', 'ghanaian hip hop', 'ghanaian pop', 'hiplife'], 'href': 'https://api.spotify.com/v1/artists/0LFsP7WPfu5inz9a1amcE4', 'id': '0LFsP7WPfu5inz9a1amcE4', 'images': [{'height': 640, 'url': 'https://i.scdn.co/image/ab6761610000e5eb42f0b7e5c0068e335f113ed2', 'width': 640}, {'height': 320, 'url': 'https://i.scdn.co/image/ab6761610000517442f0b7e5c0068e335f113ed2', 'width': 320}, {'height': 160, 'url': 'https://i.scdn.co/image/ab6761610000f17842f0b7e5c0068e335f113ed2', 'width': 160}], 'name': 'R2Bees', 'popularity': 52, 'type': 'artist', 'uri': 'spotify:artist:0LFsP7WPfu5inz9a1amcE4'}",0LFsP7WPfu5inz9a1amcE4,52,"['afro dancehall', 'afropop', 'azonto', 'azontobeats', 'ghanaian hip hop', 'ghanaian pop', 'hiplife']",Odo,27,0.795,0.871,1,-2.584,0,0.0696,0.0649,5.13e-05,0.0432,0.915,107.985,afrobeats
1noPA8QfOmSEurS2PekBsp,Nwa Baby (Ashawo Remix),Flavour,"{'external_urls': {'spotify': 'https://open.spotify.com/artist/0oKNR4ahj1CPnK2kQmbOfo'}, 'followers': {'href': None, 'total': 201121}, 'genres': ['afro dancehall', 'afropop', 'azontobeats', 'igbo pop', 'nigerian pop'], 'href': 'https://api.spotify.com/v1/artists/0oKNR4ahj1CPnK2kQmbOfo', 'id': '0oKNR4ahj1CPnK2kQmbOfo', 'images': [{'height': 640, 'url': 'https://i.scdn.co/image/ab6761610000e5ebf87421c1c94551f4f379ac0d', 'width': 640}, {'height': 320, 'url': 'https://i.scdn.co/image/ab67616100005174f87421c1c94551f4f379ac0d', 'width': 320}, {'height': 160, 'url': 'https://i.scdn.co/image/ab6761610000f178f87421c1c94551f4f379ac0d', 'width': 160}], 'name': 'Flavour', 'popularity': 56, 'type': 'artist', 'uri': 'spotify:artist:0oKNR4ahj1CPnK2kQmbOfo'}",0oKNR4ahj1CPnK2kQmbOfo,56,"['afro dancehall', 'afropop', 'azontobeats', 'igbo pop', 'nigerian pop']",Best Of Flavour,0,0.767,0.973,1,0.074,1,0.0742,0.12,0.374,0.113,0.958,100.624,afrobeats
6v3t7pht6XNt5Wq7co40DM,Personally,P-Square,"{'external_urls': {'spotify': 'https://open.spotify.com/artist/42IUN9kTPdUdI1kre6L7Wk'}, 'followers': {'href': None, 'total': 283390}, 'genres': ['afro dancehall', 'afropop', 'azontobeats', 'bongo flava', 'nigerian hip hop', 'nigerian pop'], 'href': 'https://api.spotify.com/v1/artists/42IUN9kTPdUdI1kre6L7Wk', 'id': '42IUN9kTPdUdI1kre6L7Wk', 'images': [{'height': 640, 'url': 'https://i.scdn.co/image/ab67616d0000b27373109f0d0447baf22734e9e0', 'width': 640}, {'height': 300, 'url': 'https://i.scdn.co/image/ab67616d00001e0273109f0d0447baf22734e9e0', 'width': 300}, {'height': 64, 'url': 'https://i.scdn.co/image/ab67616d0000485173109f0d0447baf22734e9e0', 'width': 64}], 'name': 'P-Square', 'popularity': 57, 'type': 'artist', 'uri': 'spotify:artist:42IUN9kTPdUdI1kre6L7Wk'}",42IUN9kTPdUdI1kre6L7Wk,57,"['afro dancehall', 'afropop', 'azontobeats', 'bongo flava', 'nigerian hip hop', 'nigerian pop']",Best of P-Square,0,0.764,0.739,6,-4.322,0,0.258,0.097,0.000355,0.0969,0.963,162.546,afrobeats
4jPxPF4jj0liUxoDI2bIBy,Sorkode,Keche,"{'external_urls': {'spotify': 'https://open.spotify.com/artist/7I8VnUISFUDhcyfzdFk19E'}, 'followers': {'href': None, 'total': 14003}, 'genres': ['azonto', 'hiplife'], 'href': 'https://api.spotify.com/v1/artists/7I8VnUISFUDhcyfzdFk19E', 'id': '7I8VnUISFUDhcyfzdFk19E', 'images': [{'height': 640, 'url': 'https://i.scdn.co/image/ab6761610000e5ebc0ff4ac8640e8c60db67a982', 'width': 640}, {'height': 320, 'url': 'https://i.scdn.co/image/ab67616100005174c0ff4ac8640e8c60db67a982', 'width': 320}, {'height': 160, 'url': 'https://i.scdn.co/image/ab6761610000f178c0ff4ac8640e8c60db67a982', 'width': 160}], 'name': 'Keche', 'popularity': 30, 'type': 'artist', 'uri': 'spotify:artist:7I8VnUISFUDhcyfzdFk19E'}",7I8VnUISFUDhcyfzdFk19E,30,"['azonto', 'hiplife']",Sorkode - Single,37,0.955,0.804,8,-9.206,1,0.136,0.0418,4.39e-05,0.0735,0.904,130.011,afrobeats
7xAHWYJhJQLM83eDaerhS2,Alkayida (Boy Abre),Guru,"{'external_urls': {'spotify': 'https://open.spotify.com/artist/1c9Ya9GKcFOLh4gixxivdk'}, 'followers': {'href': None, 'total': 2223}, 'genres': ['azonto'], 'href': 'https://api.spotify.com/v1/artists/1c9Ya9GKcFOLh4gixxivdk', 'id': '1c9Ya9GKcFOLh4gixxivdk', 'images': [{'height': 640, 'url': 'https://i.scdn.co/image/ab67616d0000b2737a7f6f9121b63ad2950ac8a6', 'width': 640}, {'height': 300, 'url': 'https://i.scdn.co/image/ab67616d00001e027a7f6f9121b63ad2950ac8a6', 'width': 300}, {'height': 64, 'url': 'https://i.scdn.co/image/ab67616d000048517a7f6f9121b63ad2950ac8a6', 'width': 64}], 'name': 'Guru', 'popularity': 17, 'type': 'artist', 'uri': 'spotify:artist:1c9Ya9GKcFOLh4gixxivdk'}",1c9Ya9GKcFOLh4gixxivdk,17,['azonto'],Alkayida (Boy Abre),0,0.876,0.716,7,-6.345,1,0.195,0.18,0.0,0.296,0.721,103.474,afrobeats
6KjIPqQlgf2jetOWtF6Zs8,Aye,DaVido,"{'external_urls': {'spotify': 'https://open.spotify.com/artist/0Y3agQaa6g2r0YmHPOO9rh'}, 'followers': {'href': None, 'total': 1249749}, 'genres': ['afropop', 'ghanaian hip hop', 'nigerian pop'], 'href': 'https://api.spotify.com/v1/artists/0Y3agQaa6g2r0YmHPOO9rh', 'id': '0Y3agQaa6g2r0YmHPOO9rh', 'images': [{'height': 640, 'url': 'https://i.scdn.co/image/ab6761610000e5eb19947aac2283d92cae699753', 'width': 640}, {'height': 320, 'url': 'https://i.scdn.co/image/ab6761610000517419947aac2283d92cae699753', 'width': 320}, {'height': 160, 'url': 'https://i.scdn.co/image/ab6761610000f17819947aac2283d92cae699753', 'width': 160}], 'name': 'DaVido', 'popularity': 71, 'type': 'artist', 'uri': 'spotify:artist:0Y3agQaa6g2r0YmHPOO9rh'}",0Y3agQaa6g2r0YmHPOO9rh,71,"['afropop', 'ghanaian hip hop', 'nigerian pop']",Best Of Davido,0,0.729,0.853,11,-5.067,1,0.049,0.62,0.0,0.0598,0.966,114.995,afrobeats
0YcLMyZGhtAx1qYgQPbPkJ,Ahayede,Nana Boroo,"{'external_urls': {'spotify': 'https://open.spotify.com/artist/6okA9KLxPv9Za9RGkHSOk5'}, 'followers': {'href': None, 'total': 2976}, 'genres': ['azonto', 'hiplife'], 'href': 'https://api.spotify.com/v1/artists/6okA9KLxPv9Za9RGkHSOk5', 'id': '6okA9KLxPv9Za9RGkHSOk5', 'images': [{'height': 640, 'url': 'https://i.scdn.co/image/ab67616d0000b2735b746a5c128791a78620eaf7', 'width': 640}, {'height': 300, 'url': 'https://i.scdn.co/image/ab67616d00001e025b746a5c128791a78620eaf7', 'width': 300}, {'height': 64, 'url': 'https://i.scdn.co/image/ab67616d000048515b746a5c128791a78620eaf7', 'width': 64}], 'name': 'Nana Boroo', 'popularity': 21, 'type': 'artist', 'uri': 'spotify:artist:6okA9KLxPv9Za9RGkHSOk5'}",6okA9KLxPv9Za9RGkHSOk5,21,"['azonto', 'hiplife']",Best of Nana Boroo,32,0.836,0.872,7,-5.007,1,0.0877,0.248,1.18e-05,0.121,0.941,114.976,afrobeats
24QOYBHFbneNWWmZLcDLGS,Wadi Mi Sika,Vibe Squad,"{'external_urls': {'spotify': 'https://open.spotify.com/artist/2R0aMpj0PzJr86oWENCRDV'}, 'followers': {'href': None, 'total': 688}, 'genres': [], 'href': 'https://api.spotify.com/v1/artists/2R0aMpj0PzJr86oWENCRDV', 'id': '2R0aMpj0PzJr86oWENCRDV', 'images': [{'height': 640, 'url': 'https://i.scdn.co/image/ab67616d0000b27338894f1bbd31d58a9bbc3a7b', 'width': 640}, {'height': 300, 'url': 'https://i.scdn.co/image/ab67616d00001e0238894f1bbd31d58a9bbc3a7b', 'width': 300}, {'height': 64, 'url': 'https://i.scdn.co/image/ab67616d0000485138894f1bbd31d58a9bbc3a7b', 'width': 64}], 'name': 'Vibe Squad', 'popularity': 23, 'type': 'artist', 'uri': 'spotify:artist:2R0aMpj0PzJr86oWENCRDV'}",2R0aMpj0PzJr86oWENCRDV,23,[],Wadi Mi Sika - EP,23,0.819,0.781,10,-4.273,0,0.113,0.0875,0.0,0.0889,0.854,128.029,afrobeats
6prqX1SW2MMH8hAOIzKQ3Z,Dance For Me (Eugy X Mr Eazi),Eugy,"{'external_urls': {'spotify': 'https://open.spotify.com/artist/6BhoGzrwRr9eELLBJ55ldo'}, 'followers': {'href': None, 'total': 99573}, 'genres': ['afro dancehall', 'afropop', 'ghanaian hip hop', 'swedish dancehall', 'uk dancehall'], 'href': 'https://api.spotify.com/v1/artists/6BhoGzrwRr9eELLBJ55ldo', 'id': '6BhoGzrwRr9eELLBJ55ldo', 'images': [{'height': 640, 'url': 'https://i.scdn.co/image/ab6761610000e5eb27825e4589d35ce3329a8f66', 'width': 640}, {'height': 320, 'url': 'https://i.scdn.co/image/ab6761610000517427825e4589d35ce3329a8f66', 'width': 320}, {'height': 160, 'url': 'https://i.scdn.co/image/ab6761610000f17827825e4589d35ce3329a8f66', 'width': 160}], 'name': 'Eugy', 'popularity': 56, 'type': 'artist', 'uri': 'spotify:artist:6BhoGzrwRr9eELLBJ55ldo'}",6BhoGzrwRr9eELLBJ55ldo,56,"['afro dancehall', 'afropop', 'ghanaian hip hop', 'swedish dancehall', 'uk dancehall']",Dance For Me (Eugy X Mr Eazi),65,0.774,0.685,11,-5.14,0,0.069,0.154,0.0,0.391,0.587,106.982,afrobeats
3ddd0nUY2jZtPYzg0r0wTb,Pana,Tekno,"{'external_urls': {'spotify': 'https://open.spotify.com/artist/6IhG3Yxm3UW98jhyBvrIut'}, 'followers': {'href': None, 'total': 474984}, 'genres': ['afro dancehall', 'afropop', 'azontobeats', 'nigerian hip hop', 'nigerian pop'], 'href': 'https://api.spotify.com/v1/artists/6IhG3Yxm3UW98jhyBvrIut', 'id': '6IhG3Yxm3UW98jhyBvrIut', 'images': [{'height': 640, 'url': 'https://i.scdn.co/image/ab6761610000e5ebbdfa92a97f9da3258e7776e9', 'width': 640}, {'height': 320, 'url': 'https://i.scdn.co/image/ab67616100005174bdfa92a97f9da3258e7776e9', 'width': 320}, {'height': 160, 'url': 'https://i.scdn.co/image/ab6761610000f178bdfa92a97f9da3258e7776e9', 'width': 160}], 'name': 'Tekno', 'popularity': 60, 'type': 'artist', 'uri': 'spotify:artist:6IhG3Yxm3UW98jhyBvrIut'}",6IhG3Yxm3UW98jhyBvrIut,60,"['afro dancehall', 'afropop', 'azontobeats', 'nigerian hip hop', 'nigerian pop']",Pana,63,0.553,0.553,6,-6.818,0,0.305,0.305,0.0581,0.0715,0.664,72.949,afrobeats
6WfqEHQO707lT1WgwYnOVC,Do Me,P-Square,"{'external_urls': {'spotify': 'https://open.spotify.com/artist/42IUN9kTPdUdI1kre6L7Wk'}, 'followers': {'href': None, 'total': 283390}, 'genres': ['afro dancehall', 'afropop', 'azontobeats', 'bongo flava', 'nigerian hip hop', 'nigerian pop'], 'href': 'https://api.spotify.com/v1/artists/42IUN9kTPdUdI1kre6L7Wk', 'id': '42IUN9kTPdUdI1kre6L7Wk', 'images': [{'height': 640, 'url': 'https://i.scdn.co/image/ab67616d0000b27373109f0d0447baf22734e9e0', 'width': 640}, {'height': 300, 'url': 'https://i.scdn.co/image/ab67616d00001e0273109f0d0447baf22734e9e0', 'width': 300}, {'height': 64, 'url': 'https://i.scdn.co/image/ab67616d0000485173109f0d0447baf22734e9e0', 'width': 64}], 'name': 'P-Square', 'popularity': 57, 'type': 'artist', 'uri': 'spotify:artist:42IUN9kTPdUdI1kre6L7Wk'}",42IUN9kTPdUdI1kre6L7Wk,57,"['afro dancehall', 'afropop', 'azontobeats', 'bongo flava', 'nigerian hip hop', 'nigerian pop']",Best of P-Square,0,0.809,0.913,10,-2.293,0,0.139,0.517,0.0,0.0415,0.964,103.059,afrobeats
0XAebEOKmFP0QjVplewqbE,Bae (feat. Afro B),Tion Wayne,"{'external_urls': {'spotify': 'https://open.spotify.com/artist/7b79bQFziJFedJb75k6hFt'}, 'followers': {'href': None, 'total': 514244}, 'genres': ['london rap'], 'href': 'https://api.spotify.com/v1/artists/7b79bQFziJFedJb75k6hFt', 'id': '7b79bQFziJFedJb75k6hFt', 'images': [{'height': 640, 'url': 'https://i.scdn.co/image/ab6761610000e5eb83523aea8f2f3333f685bbe7', 'width': 640}, {'height': 320, 'url': 'https://i.scdn.co/image/ab6761610000517483523aea8f2f3333f685bbe7', 'width': 320}, {'height': 160, 'url': 'https://i.scdn.co/image/ab6761610000f17883523aea8f2f3333f685bbe7', 'width': 160}], 'name': 'Tion Wayne', 'popularity': 78, 'type': 'artist', 'uri': 'spotify:artist:7b79bQFziJFedJb75k6hFt'}",7b79bQFziJFedJb75k6hFt,78,['london rap'],Bae (feat. Afro B),36,0.484,0.594,8,-7.267,0,0.325,0.235,0.0,0.129,0.599,89.321,afrobeats
2DFOj2Uu3q3MQ2l4z5fQaS,Baba God (feat. Sk),Afro B,"{'external_urls': {'spotify': 'https://open.spotify.com/artist/7oMRcCu0OYSCtCyS3P37iC'}, 'followers': {'href': None, 'total': 163596}, 'genres': ['afroswing', 'dancehall', 'uk dancehall'], 'href': 'https://api.spotify.com/v1/artists/7oMRcCu0OYSCtCyS3P37iC', 'id': '7oMRcCu0OYSCtCyS3P37iC', 'images': [{'height': 640, 'url': 'https://i.scdn.co/image/ab6761610000e5ebd66d5607314a2c37898e02c7', 'width': 640}, {'height': 320, 'url': 'https://i.scdn.co/image/ab67616100005174d66d5607314a2c37898e02c7', 'width': 320}, {'height': 160, 'url': 'https://i.scdn.co/image/ab6761610000f178d66d5607314a2c37898e02c7', 'width': 160}], 'name': 'Afro B', 'popularity': 61, 'type': 'artist', 'uri': 'spotify:artist:7oMRcCu0OYSCtCyS3P37iC'}",7oMRcCu0OYSCtCyS3P37iC,61,"['afroswing', 'dancehall', 'uk dancehall']",Baba God (feat. Sk),32,0.738,0.641,0,-5.577,1,0.193,0.0809,0.0,0.0573,0.853,199.889,afrobeats
0RTKzoAF6R3YoHrdBjmmtJ,Shake Body,Skales,"{'external_urls': {'spotify': 'https://open.spotify.com/artist/1ixqGowpDM21RwyJmJ7hpv'}, 'followers': {'href': None, 'total': 102620}, 'genres': ['afro dancehall', 'afropop', 'azontobeats', 'nigerian pop'], 'href': 'https://api.spotify.com/v1/artists/1ixqGowpDM21RwyJmJ7hpv', 'id': '1ixqGowpDM21RwyJmJ7hpv', 'images': [{'height': 640, 'url': 'https://i.scdn.co/image/ab6761610000e5eb0357ee474d89a25f89a2f532', 'width': 640}, {'height': 320, 'url': 'https://i.scdn.co/image/ab676161000051740357ee474d89a25f89a2f532', 'width': 320}, {'height': 160, 'url': 'https://i.scdn.co/image/ab6761610000f1780357ee474d89a25f89a2f532', 'width': 160}], 'name': 'Skales', 'popularity': 51, 'type': 'artist', 'uri': 'spotify:artist:1ixqGowpDM21RwyJmJ7hpv'}",1ixqGowpDM21RwyJmJ7hpv,51,"['afro dancehall', 'afropop', 'azontobeats', 'nigerian pop']",Man of the Year,0,0.855,0.872,6,-4.09,1,0.0548,0.193,2.87e-05,0.0615,0.96,130.998,afrobeats
2WLpYiWNYtHeS5izWhrh6Q,Skelewu,DaVido,"{'external_urls': {'spotify': 'https://open.spotify.com/artist/0Y3agQaa6g2r0YmHPOO9rh'}, 'followers': {'href': None, 'total': 1249749}, 'genres': ['afropop', 'ghanaian hip hop', 'nigerian pop'], 'href': 'https://api.spotify.com/v1/artists/0Y3agQaa6g2r0YmHPOO9rh', 'id': '0Y3agQaa6g2r0YmHPOO9rh', 'images': [{'height': 640, 'url': 'https://i.scdn.co/image/ab6761610000e5eb19947aac2283d92cae699753', 'width': 640}, {'height': 320, 'url': 'https://i.scdn.co/image/ab6761610000517419947aac2283d92cae699753', 'width': 320}, {'height': 160, 'url': 'https://i.scdn.co/image/ab6761610000f17819947aac2283d92cae699753', 'width': 160}], 'name': 'DaVido', 'popularity': 71, 'type': 'artist', 'uri': 'spotify:artist:0Y3agQaa6g2r0YmHPOO9rh'}",0Y3agQaa6g2r0YmHPOO9rh,71,"['afropop', 'ghanaian hip hop', 'nigerian pop']",Best Of Davido,0,0.83,0.859,10,-3.514,0,0.0865,0.147,3.23e-06,0.061,0.826,121.01,afrobeats
4tkRfb5PUoJ7d8epDatZ7g,Away,VIP,"{'external_urls': {'spotify': 'https://open.spotify.com/artist/38wGnQ9uC7XyV0TFHaEiO4'}, 'followers': {'href': None, 'total': 7154}, 'genres': ['azonto', 'hiplife'], 'href': 'https://api.spotify.com/v1/artists/38wGnQ9uC7XyV0TFHaEiO4', 'id': '38wGnQ9uC7XyV0TFHaEiO4', 'images': [{'height': 640, 'url': 'https://i.scdn.co/image/ab67616d0000b2735ddd6209285054f51335db82', 'width': 640}, {'height': 300, 'url': 'https://i.scdn.co/image/ab67616d00001e025ddd6209285054f51335db82', 'width': 300}, {'height': 64, 'url': 'https://i.scdn.co/image/ab67616d000048515ddd6209285054f51335db82', 'width': 64}], 'name': 'VIP', 'popularity': 42, 'type': 'artist', 'uri': 'spotify:artist:38wGnQ9uC7XyV0TFHaEiO4'}",38wGnQ9uC7XyV0TFHaEiO4,42,"['azonto', 'hiplife']",Progress,31,0.842,0.926,9,-3.83,1,0.124,0.0622,4.94e-05,0.136,0.963,119.998,afrobeats
3h7pI8oM2CpXiNSZbQuEtV,Million Pound Girl (Badder Than Bad),Fuse ODG,"{'external_urls': {'spotify': 'https://open.spotify.com/artist/374sWpAJsbZckf98df2jJJ'}, 'followers': {'href': None, 'total': 116123}, 'genres': ['afro dancehall', 'azonto', 'dance pop'], 'href': 'https://api.spotify.com/v1/artists/374sWpAJsbZckf98df2jJJ', 'id': '374sWpAJsbZckf98df2jJJ', 'images': [{'height': 640, 'url': 'https://i.scdn.co/image/ab6761610000e5eb90dbd27c8414878045eb522a', 'width': 640}, {'height': 320, 'url': 'https://i.scdn.co/image/ab6761610000517490dbd27c8414878045eb522a', 'width': 320}, {'height': 160, 'url': 'https://i.scdn.co/image/ab6761610000f17890dbd27c8414878045eb522a', 'width': 160}], 'name': 'Fuse ODG', 'popularity': 66, 'type': 'artist', 'uri': 'spotify:artist:374sWpAJsbZckf98df2jJJ'}",374sWpAJsbZckf98df2jJJ,66,"['afro dancehall', 'azonto', 'dance pop']",T.I.N.A.,58,0.608,0.932,1,-1.311,1,0.0752,0.0762,0.0,0.0572,0.722,199.99,afrobeats
1zPbuWCj1bx0MyDUdFnTF8,Yori Yori,Bracket,"{'external_urls': {'spotify': 'https://open.spotify.com/artist/6yd6lB5T20BZjUVkSlwojA'}, 'followers': {'href': None, 'total': 28716}, 'genres': ['afro dancehall', 'azontobeats', 'nigerian hip hop', 'nigerian pop'], 'href': 'https://api.spotify.com/v1/artists/6yd6lB5T20BZjUVkSlwojA', 'id': '6yd6lB5T20BZjUVkSlwojA', 'images': [{'height': 640, 'url': 'https://i.scdn.co/image/ab6761610000e5ebabd0b9643eb8612f7ea26ff6', 'width': 640}, {'height': 320, 'url': 'https://i.scdn.co/image/ab67616100005174abd0b9643eb8612f7ea26ff6', 'width': 320}, {'height': 160, 'url': 'https://i.scdn.co/image/ab6761610000f178abd0b9643eb8612f7ea26ff6', 'width': 160}], 'name': 'Bracket', 'popularity': 49, 'type': 'artist', 'uri': 'spotify:artist:6yd6lB5T20BZjUVkSlwojA'}",6yd6lB5T20BZjUVkSlwojA,49,"['afro dancehall', 'azontobeats', 'nigerian hip hop', 'nigerian pop']",Least Expected,52,0.685,0.783,9,-1.606,0,0.169,0.523,0.0,0.112,0.938,102.62,afrobeats
1ZneNgmfcgGBGshd7VgqBf,Simple,Bradez,"{'external_urls': {'spotify': 'https://open.spotify.com/artist/4NkWh677uYqY9rWwqThNEL'}, 'followers': {'href': None, 'total': 390}, 'genres': [], 'href': 'https://api.spotify.com/v1/artists/4NkWh677uYqY9rWwqThNEL', 'id': '4NkWh677uYqY9rWwqThNEL', 'images': [{'height': 640, 'url': 'https://i.scdn.co/image/ab67616d0000b27387ccc1e5ee11f6e1823ef8ac', 'width': 640}, {'height': 300, 'url': 'https://i.scdn.co/image/ab67616d00001e0287ccc1e5ee11f6e1823ef8ac', 'width': 300}, {'height': 64, 'url': 'https://i.scdn.co/image/ab67616d0000485187ccc1e5ee11f6e1823ef8ac', 'width': 64}], 'name': 'Bradez', 'popularity': 22, 'type': 'artist', 'uri': 'spotify:artist:4NkWh677uYqY9rWwqThNEL'}",4NkWh677uYqY9rWwqThNEL,22,[],Simple,36,0.616,0.713,7,-6.522,1,0.283,0.16,0.0,0.126,0.925,104.245,afrobeats
28GS7SZV0MOQxX7iafzAyK,Baby (Chop Kiss),Shatta Wale,"{'external_urls': {'spotify': 'https://open.spotify.com/artist/42q0rYXtR561ypg1Fcw1PI'}, 'followers': {'href': None, 'total': 131920}, 'genres': ['afro dancehall', 'azonto', 'azontobeats', 'ghanaian pop'], 'href': 'https://api.spotify.com/v1/artists/42q0rYXtR561ypg1Fcw1PI', 'id': '42q0rYXtR561ypg1Fcw1PI', 'images': [{'height': 640, 'url': 'https://i.scdn.co/image/ab6761610000e5eb7bd706881e7d739d32bafb43', 'width': 640}, {'height': 320, 'url': 'https://i.scdn.co/image/ab676161000051747bd706881e7d739d32bafb43', 'width': 320}, {'height': 160, 'url': 'https://i.scdn.co/image/ab6761610000f1787bd706881e7d739d32bafb43', 'width': 160}], 'name': 'Shatta Wale', 'popularity': 57, 'type': 'artist', 'uri': 'spotify:artist:42q0rYXtR561ypg1Fcw1PI'}",42q0rYXtR561ypg1Fcw1PI,57,"['afro dancehall', 'azonto', 'azontobeats', 'ghanaian pop']",Baby (Chop Kiss),42,0.923,0.842,0,-5.365,1,0.146,0.0523,0.00062,0.0434,0.692,123.006,afrobeats
7DgGvLVviQRVyc4xy4CWjQ,Chop My Money - Remix,P-Square,"{'external_urls': {'spotify': 'https://open.spotify.com/artist/42IUN9kTPdUdI1kre6L7Wk'}, 'followers': {'href': None, 'total': 283390}, 'genres': ['afro dancehall', 'afropop', 'azontobeats', 'bongo flava', 'nigerian hip hop', 'nigerian pop'], 'href': 'https://api.spotify.com/v1/artists/42IUN9kTPdUdI1kre6L7Wk', 'id': '42IUN9kTPdUdI1kre6L7Wk', 'images': [{'height': 640, 'url': 'https://i.scdn.co/image/ab67616d0000b27373109f0d0447baf22734e9e0', 'width': 640}, {'height': 300, 'url': 'https://i.scdn.co/image/ab67616d00001e0273109f0d0447baf22734e9e0', 'width': 300}, {'height': 64, 'url': 'https://i.scdn.co/image/ab67616d0000485173109f0d0447baf22734e9e0', 'width': 64}], 'name': 'P-Square', 'popularity': 57, 'type': 'artist', 'uri': 'spotify:artist:42IUN9kTPdUdI1kre6L7Wk'}",42IUN9kTPdUdI1kre6L7Wk,57,"['afro dancehall', 'afropop', 'azontobeats', 'bongo flava', 'nigerian hip hop', 'nigerian pop']",Chop My Money (Remix),42,0.812,0.81,5,-5.835,0,0.116,0.0884,0.0,0.198,0.888,127.016,afrobeats
51f8NU4BLPeQE3UtuvjmEH,Akube,Dotman,"{'external_urls': {'spotify': 'https://open.spotify.com/artist/6qMGjGD3lmDJtzALZ8uS2z'}, 'followers': {'href': None, 'total': 59674}, 'genres': ['afropop', 'azontobeats', 'nigerian hip hop', 'nigerian pop'], 'href': 'https://api.spotify.com/v1/artists/6qMGjGD3lmDJtzALZ8uS2z', 'id': '6qMGjGD3lmDJtzALZ8uS2z', 'images': [{'height': 640, 'url': 'https://i.scdn.co/image/ab6761610000e5eb15ae854055e4616826108f05', 'width': 640}, {'height': 320, 'url': 'https://i.scdn.co/image/ab6761610000517415ae854055e4616826108f05', 'width': 320}, {'height': 160, 'url': 'https://i.scdn.co/image/ab6761610000f17815ae854055e4616826108f05', 'width': 160}], 'name': 'Dotman', 'popularity': 39, 'type': 'artist', 'uri': 'spotify:artist:6qMGjGD3lmDJtzALZ8uS2z'}",6qMGjGD3lmDJtzALZ8uS2z,39,"['afropop', 'azontobeats', 'nigerian hip hop', 'nigerian pop']",Akube,47,0.863,0.741,3,-4.865,0,0.0343,0.287,1.26e-06,0.211,0.488,108.044,afrobeats
6leKqvSviIydDluSDB7gQz,Kele Kele,Tiwa Savage,"{'external_urls': {'spotify': 'https://open.spotify.com/artist/1hNaHKp2Za5YdOAG0WnRbc'}, 'followers': {'href': None, 'total': 616510}, 'genres': ['afro dancehall', 'afropop', 'azonto', 'azontobeats', 'nigerian pop'], 'href': 'https://api.spotify.com/v1/artists/1hNaHKp2Za5YdOAG0WnRbc', 'id': '1hNaHKp2Za5YdOAG0WnRbc', 'images': [{'height': 640, 'url': 'https://i.scdn.co/image/ab6761610000e5eba1249cdde9d1e7b53148fcde', 'width': 640}, {'height': 320, 'url': 'https://i.scdn.co/image/ab67616100005174a1249cdde9d1e7b53148fcde', 'width': 320}, {'height': 160, 'url': 'https://i.scdn.co/image/ab6761610000f178a1249cdde9d1e7b53148fcde', 'width': 160}], 'name': 'Tiwa Savage', 'popularity': 63, 'type': 'artist', 'uri': 'spotify:artist:1hNaHKp2Za5YdOAG0WnRbc'}",1hNaHKp2Za5YdOAG0WnRbc,63,"['afro dancehall', 'afropop', 'azonto', 'azontobeats', 'nigerian pop']",Once Upon a Time,38,0.712,0.77,7,-3.86,1,0.174,0.0319,0.0,0.103,0.739,109.751,afrobeats
6zhfuaevbv2CGBmvLv11l6,Africa Money,Sidney Barima Oppong,"{'external_urls': {'spotify': 'https://open.spotify.com/artist/6flAiqO3WySVk4w8xAEu6W'}, 'followers': {'href': None, 'total': 201}, 'genres': [], 'href': 'https://api.spotify.com/v1/artists/6flAiqO3WySVk4w8xAEu6W', 'id': '6flAiqO3WySVk4w8xAEu6W', 'images': [], 'name': 'Sidney Barima Oppong', 'popularity': 14, 'type': 'artist', 'uri': 'spotify:artist:6flAiqO3WySVk4w8xAEu6W'}",6flAiqO3WySVk4w8xAEu6W,14,[],"Ghana Awake, Vol. 1",30,0.878,0.869,9,-5.286,0,0.274,0.226,0.0,0.037,0.882,139.96,afrobeats
33qUqDe23SGvprJxf8YisA,I Sing Feat. Utter Once & Muyiwa,Victizzle,"{'external_urls': {'spotify': 'https://open.spotify.com/artist/26ysY3T9kQzZGDsESHl7fS'}, 'followers': {'href': None, 'total': 1230}, 'genres': ['christian afrobeat'], 'href': 'https://api.spotify.com/v1/artists/26ysY3T9kQzZGDsESHl7fS', 'id': '26ysY3T9kQzZGDsESHl7fS', 'images': [{'height': 640, 'url': 'https://i.scdn.co/image/ab6761610000e5eb2486ac565f23332b63f863ca', 'width': 640}, {'height': 320, 'url': 'https://i.scdn.co/image/ab676161000051742486ac565f23332b63f863ca', 'width': 320}, {'height': 160, 'url': 'https://i.scdn.co/image/ab6761610000f1782486ac565f23332b63f863ca', 'width': 160}], 'name': 'Victizzle', 'popularity': 21, 'type': 'artist', 'uri': 'spotify:artist:26ysY3T9kQzZGDsESHl7fS'}",26ysY3T9kQzZGDsESHl7fS,21,['christian afrobeat'],In My World,23,0.699,0.788,8,-7.89,1,0.0591,0.00268,0.000934,0.451,0.8,121.956,afrobeats
092PSCM3LlkiCatgTN0vrU,Oliver Twist,D'banj,"{'external_urls': {'spotify': 'https://open.spotify.com/artist/5RCdjio4ASMQ8CFaSuAl6C'}, 'followers': {'href': None, 'total': 131128}, 'genres': ['afro dancehall', 'afropop', 'azontobeats', 'highlife', 'nigerian pop'], 'href': 'https://api.spotify.com/v1/artists/5RCdjio4ASMQ8CFaSuAl6C', 'id': '5RCdjio4ASMQ8CFaSuAl6C', 'images': [{'height': 640, 'url': 'https://i.scdn.co/image/ab6761610000e5eb4cd5da5d02daa5f6b3b26347', 'width': 640}, {'height': 320, 'url': 'https://i.scdn.co/image/ab676161000051744cd5da5d02daa5f6b3b26347', 'width': 320}, {'height': 160, 'url': 'https://i.scdn.co/image/ab6761610000f1784cd5da5d02daa5f6b3b26347', 'width': 160}], 'name': ""D'banj"", 'popularity': 49, 'type': 'artist', 'uri': 'spotify:artist:5RCdjio4ASMQ8CFaSuAl6C'}",5RCdjio4ASMQ8CFaSuAl6C,49,"['afro dancehall', 'afropop', 'azontobeats', 'highlife', 'nigerian pop']",King Don Come,55,0.83,0.881,8,-5.706,1,0.0699,0.429,7.25e-06,0.126,0.866,125.021,afrobeats
0dq8cqrAO0cLUuPKkAN6LC,Takeover,Kwamz & Flava,"{'external_urls': {'spotify': 'https://open.spotify.com/artist/3RdldZQW8cYFLEDEH7haJe'}, 'followers': {'href': None, 'total': 32247}, 'genres': ['afro dancehall', 'afropop', 'azontobeats'], 'href': 'https://api.spotify.com/v1/artists/3RdldZQW8cYFLEDEH7haJe', 'id': '3RdldZQW8cYFLEDEH7haJe', 'images': [{'height': 640, 'url': 'https://i.scdn.co/image/ab6761610000e5ebda10c70dfa0a1d589119065d', 'width': 640}, {'height': 320, 'url': 'https://i.scdn.co/image/ab67616100005174da10c70dfa0a1d589119065d', 'width': 320}, {'height': 160, 'url': 'https://i.scdn.co/image/ab6761610000f178da10c70dfa0a1d589119065d', 'width': 160}], 'name': 'Kwamz & Flava', 'popularity': 40, 'type': 'artist', 'uri': 'spotify:artist:3RdldZQW8cYFLEDEH7haJe'}",3RdldZQW8cYFLEDEH7haJe,40,"['afro dancehall', 'afropop', 'azontobeats']",Takeover,52,0.859,0.742,9,-5.675,0,0.0427,0.249,0.00181,0.13,0.914,127.982,afrobeats
39USJOEHwUIgKzuU9tdanx,Johnny,Yemi Alade,"{'external_urls': {'spotify': 'https://open.spotify.com/artist/7fKO99ryLDo8VocdtVvwZW'}, 'followers': {'href': None, 'total': 426306}, 'genres': ['afro dancehall', 'afropop', 'azontobeats', 'nigerian pop'], 'href': 'https://api.spotify.com/v1/artists/7fKO99ryLDo8VocdtVvwZW', 'id': '7fKO99ryLDo8VocdtVvwZW', 'images': [{'height': 640, 'url': 'https://i.scdn.co/image/ab6761610000e5ebb9c4489b4c95a5064c7cd819', 'width': 640}, {'height': 320, 'url': 'https://i.scdn.co/image/ab67616100005174b9c4489b4c95a5064c7cd819', 'width': 320}, {'height': 160, 'url': 'https://i.scdn.co/image/ab6761610000f178b9c4489b4c95a5064c7cd819', 'width': 160}], 'name': 'Yemi Alade', 'popularity': 57, 'type': 'artist', 'uri': 'spotify:artist:7fKO99ryLDo8VocdtVvwZW'}",7fKO99ryLDo8VocdtVvwZW,57,"['afro dancehall', 'afropop', 'azontobeats', 'nigerian pop']",King of Queens,0,0.84,0.842,5,-2.641,0,0.231,0.2,6.95e-05,0.138,0.875,125.104,afrobeats
6VAiSBmVmsCPtcx5K1wAp5,E No Easy Ft. J.Martins,P-Square,"{'external_urls': {'spotify': 'https://open.spotify.com/artist/42IUN9kTPdUdI1kre6L7Wk'}, 'followers': {'href': None, 'total': 283390}, 'genres': ['afro dancehall', 'afropop', 'azontobeats', 'bongo flava', 'nigerian hip hop', 'nigerian pop'], 'href': 'https://api.spotify.com/v1/artists/42IUN9kTPdUdI1kre6L7Wk', 'id': '42IUN9kTPdUdI1kre6L7Wk', 'images': [{'height': 640, 'url': 'https://i.scdn.co/image/ab67616d0000b27373109f0d0447baf22734e9e0', 'width': 640}, {'height': 300, 'url': 'https://i.scdn.co/image/ab67616d00001e0273109f0d0447baf22734e9e0', 'width': 300}, {'height': 64, 'url': 'https://i.scdn.co/image/ab67616d0000485173109f0d0447baf22734e9e0', 'width': 64}], 'name': 'P-Square', 'popularity': 57, 'type': 'artist', 'uri': 'spotify:artist:42IUN9kTPdUdI1kre6L7Wk'}",42IUN9kTPdUdI1kre6L7Wk,57,"['afro dancehall', 'afropop', 'azontobeats', 'bongo flava', 'nigerian hip hop', 'nigerian pop']",Danger,0,0.826,0.844,6,-4.115,0,0.135,0.529,0.0,0.0725,0.806,108.118,afrobeats
6NeLjyLTlygTDu34MdolgQ,Antenna - UK Club Mix,Fuse ODG,"{'external_urls': {'spotify': 'https://open.spotify.com/artist/374sWpAJsbZckf98df2jJJ'}, 'followers': {'href': None, 'total': 116123}, 'genres': ['afro dancehall', 'azonto', 'dance pop'], 'href': 'https://api.spotify.com/v1/artists/374sWpAJsbZckf98df2jJJ', 'id': '374sWpAJsbZckf98df2jJJ', 'images': [{'height': 640, 'url': 'https://i.scdn.co/image/ab6761610000e5eb90dbd27c8414878045eb522a', 'width': 640}, {'height': 320, 'url': 'https://i.scdn.co/image/ab6761610000517490dbd27c8414878045eb522a', 'width': 320}, {'height': 160, 'url': 'https://i.scdn.co/image/ab6761610000f17890dbd27c8414878045eb522a', 'width': 160}], 'name': 'Fuse ODG', 'popularity': 66, 'type': 'artist', 'uri': 'spotify:artist:374sWpAJsbZckf98df2jJJ'}",374sWpAJsbZckf98df2jJJ,66,"['afro dancehall', 'azonto', 'dance pop']",T.I.N.A.,52,0.787,0.937,10,-1.632,0,0.0488,0.0224,0.000101,0.0446,0.823,127.999,afrobeats
6cTLhp8a39TClL2iqGpPVc,Ojuelegba,WizKid,"{'external_urls': {'spotify': 'https://open.spotify.com/artist/3tVQdUvClmAT7URs9V3rsp'}, 'followers': {'href': None, 'total': 1867522}, 'genres': ['afro dancehall', 'afropop', 'azonto', 'nigerian hip hop', 'nigerian pop'], 'href': 'https://api.spotify.com/v1/artists/3tVQdUvClmAT7URs9V3rsp', 'id': '3tVQdUvClmAT7URs9V3rsp', 'images': [{'height': 640, 'url': 'https://i.scdn.co/image/ab6761610000e5eb9050b61368975fda051cdc06', 'width': 640}, {'height': 320, 'url': 'https://i.scdn.co/image/ab676161000051749050b61368975fda051cdc06', 'width': 320}, {'height': 160, 'url': 'https://i.scdn.co/image/ab6761610000f1789050b61368975fda051cdc06', 'width': 160}], 'name': 'WizKid', 'popularity': 80, 'type': 'artist', 'uri': 'spotify:artist:3tVQdUvClmAT7URs9V3rsp'}",3tVQdUvClmAT7URs9V3rsp,80,"['afro dancehall', 'afropop', 'azonto', 'nigerian hip hop', 'nigerian pop']",Ayo,61,0.644,0.748,9,-5.862,0,0.0349,0.146,0.000346,0.203,0.901,100.037,afrobeats
7nMiGh0Dzr8kSjHGG1Umj0,Oliver Twist,D'banj,"{'external_urls': {'spotify': 'https://open.spotify.com/artist/5RCdjio4ASMQ8CFaSuAl6C'}, 'followers': {'href': None, 'total': 131128}, 'genres': ['afro dancehall', 'afropop', 'azontobeats', 'highlife', 'nigerian pop'], 'href': 'https://api.spotify.com/v1/artists/5RCdjio4ASMQ8CFaSuAl6C', 'id': '5RCdjio4ASMQ8CFaSuAl6C', 'images': [{'height': 640, 'url': 'https://i.scdn.co/image/ab6761610000e5eb4cd5da5d02daa5f6b3b26347', 'width': 640}, {'height': 320, 'url': 'https://i.scdn.co/image/ab676161000051744cd5da5d02daa5f6b3b26347', 'width': 320}, {'height': 160, 'url': 'https://i.scdn.co/image/ab6761610000f1784cd5da5d02daa5f6b3b26347', 'width': 160}], 'name': ""D'banj"", 'popularity': 49, 'type': 'artist', 'uri': 'spotify:artist:5RCdjio4ASMQ8CFaSuAl6C'}",5RCdjio4ASMQ8CFaSuAl6C,49,"['afro dancehall', 'afropop', 'azontobeats', 'highlife', 'nigerian pop']",Oliver Twist,45,0.829,0.895,8,-5.006,1,0.0754,0.423,8.45e-06,0.111,0.876,125.033,afrobeats
4ou5xyFUJX4VwX76tw1qb1,Fall,DaVido,"{'external_urls': {'spotify': 'https://open.spotify.com/artist/0Y3agQaa6g2r0YmHPOO9rh'}, 'followers': {'href': None, 'total': 1249749}, 'genres': ['afropop', 'ghanaian hip hop', 'nigerian pop'], 'href': 'https://api.spotify.com/v1/artists/0Y3agQaa6g2r0YmHPOO9rh', 'id': '0Y3agQaa6g2r0YmHPOO9rh', 'images': [{'height': 640, 'url': 'https://i.scdn.co/image/ab6761610000e5eb19947aac2283d92cae699753', 'width': 640}, {'height': 320, 'url': 'https://i.scdn.co/image/ab6761610000517419947aac2283d92cae699753', 'width': 320}, {'height': 160, 'url': 'https://i.scdn.co/image/ab6761610000f17819947aac2283d92cae699753', 'width': 160}], 'name': 'DaVido', 'popularity': 71, 'type': 'artist', 'uri': 'spotify:artist:0Y3agQaa6g2r0YmHPOO9rh'}",0Y3agQaa6g2r0YmHPOO9rh,71,"['afropop', 'ghanaian hip hop', 'nigerian pop']",Fall,64,0.928,0.675,5,-3.535,1,0.0566,0.379,0.0,0.0533,0.794,105.952,afrobeats
7pN5xeBGywMaE5JLIJzZ6Q,Soweto Baby (feat. Wizkid & DJ Buckz),DJ Maphorisa,"{'external_urls': {'spotify': 'https://open.spotify.com/artist/0mMqD2uqwvCjFvlzo6ayGi'}, 'followers': {'href': None, 'total': 1141844}, 'genres': ['afro soul', 'amapiano', 'south african pop'], 'href': 'https://api.spotify.com/v1/artists/0mMqD2uqwvCjFvlzo6ayGi', 'id': '0mMqD2uqwvCjFvlzo6ayGi', 'images': [{'height': 640, 'url': 'https://i.scdn.co/image/ab6761610000e5eba88d4cd0766ca61511335b01', 'width': 640}, {'height': 320, 'url': 'https://i.scdn.co/image/ab67616100005174a88d4cd0766ca61511335b01', 'width': 320}, {'height': 160, 'url': 'https://i.scdn.co/image/ab6761610000f178a88d4cd0766ca61511335b01', 'width': 160}], 'name': 'DJ Maphorisa', 'popularity': 64, 'type': 'artist', 'uri': 'spotify:artist:0mMqD2uqwvCjFvlzo6ayGi'}",0mMqD2uqwvCjFvlzo6ayGi,64,"['afro soul', 'amapiano', 'south african pop']",Soweto Baby (feat. DJ Buckz & Wizkid),51,0.889,0.728,4,-6.995,0,0.141,0.292,4.09e-06,0.0748,0.767,120.016,afrobeats
3FskQrDXcY24ur2fCvz35O,Ye,Burna Boy,"{'external_urls': {'spotify': 'https://open.spotify.com/artist/3wcj11K77LjEY1PkEazffa'}, 'followers': {'href': None, 'total': 2055224}, 'genres': ['afro dancehall', 'dancehall', 'nigerian hip hop', 'nigerian pop'], 'href': 'https://api.spotify.com/v1/artists/3wcj11K77LjEY1PkEazffa', 'id': '3wcj11K77LjEY1PkEazffa', 'images': [{'height': 640, 'url': 'https://i.scdn.co/image/ab6761610000e5eb1e6f47b5beb55b52cbece502', 'width': 640}, {'height': 320, 'url': 'https://i.scdn.co/image/ab676161000051741e6f47b5beb55b52cbece502', 'width': 320}, {'height': 160, 'url': 'https://i.scdn.co/image/ab6761610000f1781e6f47b5beb55b52cbece502', 'width': 160}], 'name': 'Burna Boy', 'popularity': 79, 'type': 'artist', 'uri': 'spotify:artist:3wcj11K77LjEY1PkEazffa'}",3wcj11K77LjEY1PkEazffa,79,"['afro dancehall', 'dancehall', 'nigerian hip hop', 'nigerian pop']",Outside,74,0.503,0.592,5,-5.923,0,0.444,0.0181,0.00014,0.169,0.344,201.85,afrobeats
6U9jxxdQ6TNzjshIpwWMTf,Ma Lo,Tiwa Savage,"{'external_urls': {'spotify': 'https://open.spotify.com/artist/1hNaHKp2Za5YdOAG0WnRbc'}, 'followers': {'href': None, 'total': 616510}, 'genres': ['afro dancehall', 'afropop', 'azonto', 'azontobeats', 'nigerian pop'], 'href': 'https://api.spotify.com/v1/artists/1hNaHKp2Za5YdOAG0WnRbc', 'id': '1hNaHKp2Za5YdOAG0WnRbc', 'images': [{'height': 640, 'url': 'https://i.scdn.co/image/ab6761610000e5eba1249cdde9d1e7b53148fcde', 'width': 640}, {'height': 320, 'url': 'https://i.scdn.co/image/ab67616100005174a1249cdde9d1e7b53148fcde', 'width': 320}, {'height': 160, 'url': 'https://i.scdn.co/image/ab6761610000f178a1249cdde9d1e7b53148fcde', 'width': 160}], 'name': 'Tiwa Savage', 'popularity': 63, 'type': 'artist', 'uri': 'spotify:artist:1hNaHKp2Za5YdOAG0WnRbc'}",1hNaHKp2Za5YdOAG0WnRbc,63,"['afro dancehall', 'afropop', 'azonto', 'azontobeats', 'nigerian pop']",Sugarcane,58,0.788,0.721,11,-4.577,1,0.152,0.424,2.86e-06,0.0897,0.653,105.23,afrobeats
4VmIqdbPsBUMAxCf2nnLD3,Fela In Versace,AKA,"{'external_urls': {'spotify': 'https://open.spotify.com/artist/1QIghPIrXQQ22G1yNtAKFX'}, 'followers': {'href': None, 'total': 307847}, 'genres': ['afro soul', 'south african hip hop', 'south african pop'], 'href': 'https://api.spotify.com/v1/artists/1QIghPIrXQQ22G1yNtAKFX', 'id': '1QIghPIrXQQ22G1yNtAKFX', 'images': [{'height': 640, 'url': 'https://i.scdn.co/image/ab6761610000e5eb3ce9251270afc8822e80366f', 'width': 640}, {'height': 320, 'url': 'https://i.scdn.co/image/ab676161000051743ce9251270afc8822e80366f', 'width': 320}, {'height': 160, 'url': 'https://i.scdn.co/image/ab6761610000f1783ce9251270afc8822e80366f', 'width': 160}], 'name': 'AKA', 'popularity': 47, 'type': 'artist', 'uri': 'spotify:artist:1QIghPIrXQQ22G1yNtAKFX'}",1QIghPIrXQQ22G1yNtAKFX,47,"['afro soul', 'south african hip hop', 'south african pop']",Touch My Blood,48,0.891,0.586,0,-7.17,1,0.102,0.028,0.0,0.0863,0.594,93.953,afrobeats
0OM22PfCgB0WluYhP89iJP,Mad Over You,Runtown,"{'external_urls': {'spotify': 'https://open.spotify.com/artist/6mMtnxEQkYoY5FfJIQ9Rhb'}, 'followers': {'href': None, 'total': 429223}, 'genres': ['afro dancehall', 'afropop', 'azontobeats', 'nigerian pop'], 'href': 'https://api.spotify.com/v1/artists/6mMtnxEQkYoY5FfJIQ9Rhb', 'id': '6mMtnxEQkYoY5FfJIQ9Rhb', 'images': [{'height': 640, 'url': 'https://i.scdn.co/image/ab6761610000e5eb2cf464466c1fda2c4d67dc38', 'width': 640}, {'height': 320, 'url': 'https://i.scdn.co/image/ab676161000051742cf464466c1fda2c4d67dc38', 'width': 320}, {'height': 160, 'url': 'https://i.scdn.co/image/ab6761610000f1782cf464466c1fda2c4d67dc38', 'width': 160}], 'name': 'Runtown', 'popularity': 55, 'type': 'artist', 'uri': 'spotify:artist:6mMtnxEQkYoY5FfJIQ9Rhb'}",6mMtnxEQkYoY5FfJIQ9Rhb,55,"['afro dancehall', 'afropop', 'azontobeats', 'nigerian pop']",Runtown Hits Vol.1,0,0.843,0.548,4,-5.209,0,0.0477,0.433,8.34e-05,0.109,0.811,107.044,afrobeats
1KpBtWSI9dlv0RjtzvF1BD,"Soco (feat. Wizkid, Ceeza Milli, Spotless & Terri)",StarBoy,"{'external_urls': {'spotify': 'https://open.spotify.com/artist/6w2IGYYbcQENdjdjU2IFo4'}, 'followers': {'href': None, 'total': 29725}, 'genres': ['nigerian pop'], 'href': 'https://api.spotify.com/v1/artists/6w2IGYYbcQENdjdjU2IFo4', 'id': '6w2IGYYbcQENdjdjU2IFo4', 'images': [{'height': 640, 'url': 'https://i.scdn.co/image/ab67616d0000b273b591226670a8cb4a4cecc3cb', 'width': 640}, {'height': 300, 'url': 'https://i.scdn.co/image/ab67616d00001e02b591226670a8cb4a4cecc3cb', 'width': 300}, {'height': 64, 'url': 'https://i.scdn.co/image/ab67616d00004851b591226670a8cb4a4cecc3cb', 'width': 64}], 'name': 'StarBoy', 'popularity': 57, 'type': 'artist', 'uri': 'spotify:artist:6w2IGYYbcQENdjdjU2IFo4'}",6w2IGYYbcQENdjdjU2IFo4,57,['nigerian pop'],"Soco (feat. Wizkid, Ceeza Milli, Spotless & Terri)",68,0.841,0.644,9,-3.284,0,0.083,0.594,0.00402,0.142,0.881,108.003,afrobeats
1QzELPNi43SmpKuLPPdkNk,Drogba (Joanna),Afro B,"{'external_urls': {'spotify': 'https://open.spotify.com/artist/7oMRcCu0OYSCtCyS3P37iC'}, 'followers': {'href': None, 'total': 163596}, 'genres': ['afroswing', 'dancehall', 'uk dancehall'], 'href': 'https://api.spotify.com/v1/artists/7oMRcCu0OYSCtCyS3P37iC', 'id': '7oMRcCu0OYSCtCyS3P37iC', 'images': [{'height': 640, 'url': 'https://i.scdn.co/image/ab6761610000e5ebd66d5607314a2c37898e02c7', 'width': 640}, {'height': 320, 'url': 'https://i.scdn.co/image/ab67616100005174d66d5607314a2c37898e02c7', 'width': 320}, {'height': 160, 'url': 'https://i.scdn.co/image/ab6761610000f178d66d5607314a2c37898e02c7', 'width': 160}], 'name': 'Afro B', 'popularity': 61, 'type': 'artist', 'uri': 'spotify:artist:7oMRcCu0OYSCtCyS3P37iC'}",7oMRcCu0OYSCtCyS3P37iC,61,"['afroswing', 'dancehall', 'uk dancehall']",Drogba (Joanna),50,0.966,0.633,2,-6.392,1,0.101,0.0206,4.06e-06,0.0715,0.767,108.011,afrobeats
5MAScTGPHzWAeivPjpATa9,"My Woman, My Everything (feat. Wandecoal)",Patoranking,"{'external_urls': {'spotify': 'https://open.spotify.com/artist/2hKQc001G7ggs3ZyxMdkGq'}, 'followers': {'href': None, 'total': 542091}, 'genres': ['afro dancehall', 'afropop', 'azontobeats', 'nigerian pop'], 'href': 'https://api.spotify.com/v1/artists/2hKQc001G7ggs3ZyxMdkGq', 'id': '2hKQc001G7ggs3ZyxMdkGq', 'images': [{'height': 640, 'url': 'https://i.scdn.co/image/ab6761610000e5ebab426ea2dee5021a56e692a1', 'width': 640}, {'height': 320, 'url': 'https://i.scdn.co/image/ab67616100005174ab426ea2dee5021a56e692a1', 'width': 320}, {'height': 160, 'url': 'https://i.scdn.co/image/ab6761610000f178ab426ea2dee5021a56e692a1', 'width': 160}], 'name': 'Patoranking', 'popularity': 59, 'type': 'artist', 'uri': 'spotify:artist:2hKQc001G7ggs3ZyxMdkGq'}",2hKQc001G7ggs3ZyxMdkGq,59,"['afro dancehall', 'afropop', 'azontobeats', 'nigerian pop']","My Woman, My Everything (feat. Wandecoal) - Single",58,0.902,0.845,11,-2.695,1,0.0644,0.0438,0.0,0.0867,0.625,112.005,afrobeats
1090OWoP6JTpYAaSSEBvGy,Kontrol,Maleek Berry,"{'external_urls': {'spotify': 'https://open.spotify.com/artist/520qA5VGL9iI0SbmEnTVNg'}, 'followers': {'href': None, 'total': 335072}, 'genres': ['afro dancehall', 'afropop', 'azontobeats', 'nigerian pop', 'swedish dancehall', 'uk dancehall'], 'href': 'https://api.spotify.com/v1/artists/520qA5VGL9iI0SbmEnTVNg', 'id': '520qA5VGL9iI0SbmEnTVNg', 'images': [{'height': 640, 'url': 'https://i.scdn.co/image/ab6761610000e5eb71a77497bafefd73bf082ba8', 'width': 640}, {'height': 320, 'url': 'https://i.scdn.co/image/ab6761610000517471a77497bafefd73bf082ba8', 'width': 320}, {'height': 160, 'url': 'https://i.scdn.co/image/ab6761610000f17871a77497bafefd73bf082ba8', 'width': 160}], 'name': 'Maleek Berry', 'popularity': 60, 'type': 'artist', 'uri': 'spotify:artist:520qA5VGL9iI0SbmEnTVNg'}",520qA5VGL9iI0SbmEnTVNg,60,"['afro dancehall', 'afropop', 'azontobeats', 'nigerian pop', 'swedish dancehall', 'uk dancehall']",Kontrol,68,0.868,0.521,1,-6.902,0,0.0512,0.281,6.36e-05,0.0992,0.886,113.993,afrobeats
0B1X6jlzNv6rUWmdDBOG9S,Collabo,P-Square,"{'external_urls': {'spotify': 'https://open.spotify.com/artist/42IUN9kTPdUdI1kre6L7Wk'}, 'followers': {'href': None, 'total': 283390}, 'genres': ['afro dancehall', 'afropop', 'azontobeats', 'bongo flava', 'nigerian hip hop', 'nigerian pop'], 'href': 'https://api.spotify.com/v1/artists/42IUN9kTPdUdI1kre6L7Wk', 'id': '42IUN9kTPdUdI1kre6L7Wk', 'images': [{'height': 640, 'url': 'https://i.scdn.co/image/ab67616d0000b27373109f0d0447baf22734e9e0', 'width': 640}, {'height': 300, 'url': 'https://i.scdn.co/image/ab67616d00001e0273109f0d0447baf22734e9e0', 'width': 300}, {'height': 64, 'url': 'https://i.scdn.co/image/ab67616d0000485173109f0d0447baf22734e9e0', 'width': 64}], 'name': 'P-Square', 'popularity': 57, 'type': 'artist', 'uri': 'spotify:artist:42IUN9kTPdUdI1kre6L7Wk'}",42IUN9kTPdUdI1kre6L7Wk,57,"['afro dancehall', 'afropop', 'azontobeats', 'bongo flava', 'nigerian hip hop', 'nigerian pop']",Double Trouble,57,0.58,0.903,11,-4.564,1,0.0773,0.353,6.98e-06,0.0957,0.927,194.828,afrobeats
54MONNKu7yBK7w9LBVQ7vx,Askamaya,Teni,"{'external_urls': {'spotify': 'https://open.spotify.com/artist/3ukrG1BmfEiuo0KDj8YTTS'}, 'followers': {'href': None, 'total': 313374}, 'genres': ['afropop', 'azontobeats', 'nigerian pop'], 'href': 'https://api.spotify.com/v1/artists/3ukrG1BmfEiuo0KDj8YTTS', 'id': '3ukrG1BmfEiuo0KDj8YTTS', 'images': [{'height': 640, 'url': 'https://i.scdn.co/image/ab6761610000e5eb21c61f9f532c112e43276c3f', 'width': 640}, {'height': 320, 'url': 'https://i.scdn.co/image/ab6761610000517421c61f9f532c112e43276c3f', 'width': 320}, {'height': 160, 'url': 'https://i.scdn.co/image/ab6761610000f17821c61f9f532c112e43276c3f', 'width': 160}], 'name': 'Teni', 'popularity': 56, 'type': 'artist', 'uri': 'spotify:artist:3ukrG1BmfEiuo0KDj8YTTS'}",3ukrG1BmfEiuo0KDj8YTTS,56,"['afropop', 'azontobeats', 'nigerian pop']",Askamaya,0,0.816,0.778,9,-2.702,0,0.0622,0.068,5.47e-06,0.0833,0.726,116.038,afrobeats
3p6qboOOnpvMHzKu1PTBCC,Sura Yako,Sauti Sol,"{'external_urls': {'spotify': 'https://open.spotify.com/artist/4Rj9lQm9oSiMlirgpsM6eo'}, 'followers': {'href': None, 'total': 252768}, 'genres': ['afropop', 'azontobeats', 'benga', 'gengetone', 'kenyan pop'], 'href': 'https://api.spotify.com/v1/artists/4Rj9lQm9oSiMlirgpsM6eo', 'id': '4Rj9lQm9oSiMlirgpsM6eo', 'images': [{'height': 640, 'url': 'https://i.scdn.co/image/ab6761610000e5eb9259d4f16bc0e83c70974d04', 'width': 640}, {'height': 320, 'url': 'https://i.scdn.co/image/ab676161000051749259d4f16bc0e83c70974d04', 'width': 320}, {'height': 160, 'url': 'https://i.scdn.co/image/ab6761610000f1789259d4f16bc0e83c70974d04', 'width': 160}], 'name': 'Sauti Sol', 'popularity': 52, 'type': 'artist', 'uri': 'spotify:artist:4Rj9lQm9oSiMlirgpsM6eo'}",4Rj9lQm9oSiMlirgpsM6eo,52,"['afropop', 'azontobeats', 'benga', 'gengetone', 'kenyan pop']",Kenya Awake Vol 1,38,0.366,0.952,9,-4.281,0,0.222,0.466,0.0,0.084,0.799,180.057,afrobeats
02KGBPy9mVdvo4dPXxt3h5,Baby,Joeboy,"{'external_urls': {'spotify': 'https://open.spotify.com/artist/1XavfPKBpNjkOfxHINlMHF'}, 'followers': {'href': None, 'total': 593499}, 'genres': ['nigerian pop'], 'href': 'https://api.spotify.com/v1/artists/1XavfPKBpNjkOfxHINlMHF', 'id': '1XavfPKBpNjkOfxHINlMHF', 'images': [{'height': 640, 'url': 'https://i.scdn.co/image/ab6761610000e5ebb43b26b1888670a1ff37d60a', 'width': 640}, {'height': 320, 'url': 'https://i.scdn.co/image/ab67616100005174b43b26b1888670a1ff37d60a', 'width': 320}, {'height': 160, 'url': 'https://i.scdn.co/image/ab6761610000f178b43b26b1888670a1ff37d60a', 'width': 160}], 'name': 'Joeboy', 'popularity': 67, 'type': 'artist', 'uri': 'spotify:artist:1XavfPKBpNjkOfxHINlMHF'}",1XavfPKBpNjkOfxHINlMHF,67,['nigerian pop'],Baby,0,0.785,0.806,11,-5.34,1,0.0558,0.142,0.000285,0.147,0.539,105.001,afrobeats
1AVVencV5yF6KzISmmjUbg,Ghana Bounce,Ajebutter22,"{'external_urls': {'spotify': 'https://open.spotify.com/artist/36gl2NBJNRaQakdS4fTKGW'}, 'followers': {'href': None, 'total': 60675}, 'genres': ['afro dancehall', 'afropop', 'azontobeats', 'nigerian hip hop', 'nigerian pop'], 'href': 'https://api.spotify.com/v1/artists/36gl2NBJNRaQakdS4fTKGW', 'id': '36gl2NBJNRaQakdS4fTKGW', 'images': [{'height': 640, 'url': 'https://i.scdn.co/image/ab6761610000e5eb16d87107c3e8e52edbcd34fa', 'width': 640}, {'height': 320, 'url': 'https://i.scdn.co/image/ab6761610000517416d87107c3e8e52edbcd34fa', 'width': 320}, {'height': 160, 'url': 'https://i.scdn.co/image/ab6761610000f17816d87107c3e8e52edbcd34fa', 'width': 160}], 'name': 'Ajebutter22', 'popularity': 50, 'type': 'artist', 'uri': 'spotify:artist:36gl2NBJNRaQakdS4fTKGW'}",36gl2NBJNRaQakdS4fTKGW,50,"['afro dancehall', 'afropop', 'azontobeats', 'nigerian hip hop', 'nigerian pop']",What Happens in Lagos,52,0.805,0.492,8,-9.283,1,0.236,0.351,5.65e-06,0.111,0.647,94.046,afrobeats
0SjQBdIddPvKSWxr8vk6QX,Dumebi,Rema,"{'external_urls': {'spotify': 'https://open.spotify.com/artist/46pWGuE3dSwY3bMMXGBvVS'}, 'followers': {'href': None, 'total': 532845}, 'genres': ['nigerian pop'], 'href': 'https://api.spotify.com/v1/artists/46pWGuE3dSwY3bMMXGBvVS', 'id': '46pWGuE3dSwY3bMMXGBvVS', 'images': [{'height': 640, 'url': 'https://i.scdn.co/image/ab6761610000e5eb3be9356af550873daa1e3a9b', 'width': 640}, {'height': 320, 'url': 'https://i.scdn.co/image/ab676161000051743be9356af550873daa1e3a9b', 'width': 320}, {'height': 160, 'url': 'https://i.scdn.co/image/ab6761610000f1783be9356af550873daa1e3a9b', 'width': 160}], 'name': 'Rema', 'popularity': 74, 'type': 'artist', 'uri': 'spotify:artist:46pWGuE3dSwY3bMMXGBvVS'}",46pWGuE3dSwY3bMMXGBvVS,74,['nigerian pop'],Rema,70,0.923,0.657,3,-5.173,0,0.0605,0.199,0.00407,0.108,0.734,110.015,afrobeats
5HqngsF3BE19077Ilnw7N5,Case,Teni,"{'external_urls': {'spotify': 'https://open.spotify.com/artist/3ukrG1BmfEiuo0KDj8YTTS'}, 'followers': {'href': None, 'total': 313374}, 'genres': ['afropop', 'azontobeats', 'nigerian pop'], 'href': 'https://api.spotify.com/v1/artists/3ukrG1BmfEiuo0KDj8YTTS', 'id': '3ukrG1BmfEiuo0KDj8YTTS', 'images': [{'height': 640, 'url': 'https://i.scdn.co/image/ab6761610000e5eb21c61f9f532c112e43276c3f', 'width': 640}, {'height': 320, 'url': 'https://i.scdn.co/image/ab6761610000517421c61f9f532c112e43276c3f', 'width': 320}, {'height': 160, 'url': 'https://i.scdn.co/image/ab6761610000f17821c61f9f532c112e43276c3f', 'width': 160}], 'name': 'Teni', 'popularity': 56, 'type': 'artist', 'uri': 'spotify:artist:3ukrG1BmfEiuo0KDj8YTTS'}",3ukrG1BmfEiuo0KDj8YTTS,56,"['afropop', 'azontobeats', 'nigerian pop']",Case,56,0.81,0.638,8,-4.778,1,0.0398,0.358,0.0,0.211,0.778,102.003,afrobeats
7ytYzBHkEhgF8RPWjCITEB,Wololo,Babes Wodumo,"{'external_urls': {'spotify': 'https://open.spotify.com/artist/3jfVtv9mWfW0c5b3Fx440e'}, 'followers': {'href': None, 'total': 146793}, 'genres': ['gqom'], 'href': 'https://api.spotify.com/v1/artists/3jfVtv9mWfW0c5b3Fx440e', 'id': '3jfVtv9mWfW0c5b3Fx440e', 'images': [{'height': 640, 'url': 'https://i.scdn.co/image/ab67616d0000b273799143b30879f7496e63a187', 'width': 640}, {'height': 300, 'url': 'https://i.scdn.co/image/ab67616d00001e02799143b30879f7496e63a187', 'width': 300}, {'height': 64, 'url': 'https://i.scdn.co/image/ab67616d00004851799143b30879f7496e63a187', 'width': 64}], 'name': 'Babes Wodumo', 'popularity': 44, 'type': 'artist', 'uri': 'spotify:artist:3jfVtv9mWfW0c5b3Fx440e'}",3jfVtv9mWfW0c5b3Fx440e,44,['gqom'],Wololo,0,0.895,0.751,1,-6.373,0,0.0588,0.000294,0.0032,0.0524,0.768,126.053,afrobeats
0ZaMQuEmdsGaKQOXtiqrHn,Yes/No,Banky W,"{'external_urls': {'spotify': 'https://open.spotify.com/artist/7LwD5q7FaXJ1tZFNcQIf1u'}, 'followers': {'href': None, 'total': 24}, 'genres': [], 'href': 'https://api.spotify.com/v1/artists/7LwD5q7FaXJ1tZFNcQIf1u', 'id': '7LwD5q7FaXJ1tZFNcQIf1u', 'images': [], 'name': 'Banky W', 'popularity': 2, 'type': 'artist', 'uri': 'spotify:artist:7LwD5q7FaXJ1tZFNcQIf1u'}",7LwD5q7FaXJ1tZFNcQIf1u,2,[],R & BW,12,0.534,0.627,11,-5.526,1,0.0745,0.23,1.35e-05,0.127,0.781,128.796,afrobeats
