track_uri,track_name,artist_name,artist_info,artist_uri,artist_popularity,artist_genre,album,track_pop,year_released,danceability,energy,key,loudness,mode,speechiness,acousticness,instrumentalness,liveness,valence,tempo,type,id,uri,track_href,analysis_url,duration_ms,time_signature,genre
0Of0fM7dwXt3xQfQ0GKVpu,Black Dynamite,Julian Vaughn,"{'external_urls': {'spotify': 'https://open.spotify.com/artist/6NS4Qt4ISw27NC9tIN9jgg'}, 'followers': {'href': None, 'total': 7360}, 'genres': ['smooth jazz'], 'href': 'https://api.spotify.com/v1/artists/6NS4Qt4ISw27NC9tIN9jgg', 'id': '6NS4Qt4ISw27NC9tIN9jgg', 'images': [{'height': 640, 'url': 'https://i.scdn.co/image/ab6761610000e5ebd869d1165dd464983cd7fda1', 'width': 640}, {'height': 320, 'url': 'https://i.scdn.co/image/ab67616100005174d869d1165dd464983cd7fda1', 'width': 320}, {'height': 160, 'url': 'https://i.scdn.co/image/ab6761610000f178d869d1165dd464983cd7fda1', 'width': 160}], 'name': 'Julian Vaughn', 'popularity': 43, 'type': 'artist', 'uri': 'spotify:artist:6NS4Qt4ISw27NC9tIN9jgg'}",6NS4Qt4ISw27NC9tIN9jgg,43,['smooth jazz'],Supreme,35,2019-06-28,0.649,0.68,0,-7.929,1,0.0759,0.497,0.102,0.0877,0.671,77.958,audio_features,0Of0fM7dwXt3xQfQ0GKVpu,spotify:track:0Of0fM7dwXt3xQfQ0GKVpu,https://api.spotify.com/v1/tracks/0Of0fM7dwXt3xQfQ0GKVpu,https://api.spotify.com/v1/audio-analysis/0Of0fM7dwXt3xQfQ0GKVpu,271550,4,jazz
2rtiJtfuR6nMofzbdq1y5V,Something About You,Brian Simpson,"{'external_urls': {'spotify': 'https://open.spotify.com/artist/4uIdP3jwyR0xifCS2FYS3o'}, 'followers': {'href': None, 'total': 32878}, 'genres': ['smooth jazz'], 'href': 'https://api.spotify.com/v1/artists/4uIdP3jwyR0xifCS2FYS3o', 'id': '4uIdP3jwyR0xifCS2FYS3o', 'images': [{'height': 640, 'url': 'https://i.scdn.co/image/ab6761610000e5eb873cc7ebd0dfe356fa4f3b9d', 'width': 640}, {'height': 320, 'url': 'https://i.scdn.co/image/ab67616100005174873cc7ebd0dfe356fa4f3b9d', 'width': 320}, {'height': 160, 'url': 'https://i.scdn.co/image/ab6761610000f178873cc7ebd0dfe356fa4f3b9d', 'width': 160}], 'name': 'Brian Simpson', 'popularity': 50, 'type': 'artist', 'uri': 'spotify:artist:4uIdP3jwyR0xifCS2FYS3o'}",4uIdP3jwyR0xifCS2FYS3o,50,['smooth jazz'],Something About You,0,2018-07-27,0.689,0.89,11,-9.896,0,0.0409,0.101,0.882,0.0831,0.791,99.981,audio_features,2rtiJtfuR6nMofzbdq1y5V,spotify:track:2rtiJtfuR6nMofzbdq1y5V,https://api.spotify.com/v1/tracks/2rtiJtfuR6nMofzbdq1y5V,https://api.spotify.com/v1/audio-analysis/2rtiJtfuR6nMofzbdq1y5V,313973,4,jazz
2Wn7ZtdXyJ9uGBg2j6VvZR,I'm Waiting For You,Jackiem Joyner,"{'external_urls': {'spotify': 'https://open.spotify.com/artist/7v8LpmcY0BFVhJCispRDgg'}, 'followers': {'href': None, 'total': 8147}, 'genres': ['deep smooth jazz', 'smooth jazz', 'smooth saxophone'], 'href': 'https://api.spotify.com/v1/artists/7v8LpmcY0BFVhJCispRDgg', 'id': '7v8LpmcY0BFVhJCispRDgg', 'images': [{'height': 640, 'url': 'https://i.scdn.co/image/ab6761610000e5eb9ab70c78a15cd989d94bcdd1', 'width': 640}, {'height': 320, 'url': 'https://i.scdn.co/image/ab676161000051749ab70c78a15cd989d94bcdd1', 'width': 320}, {'height': 160, 'url': 'https://i.scdn.co/image/ab6761610000f1789ab70c78a15cd989d94bcdd1', 'width': 160}], 'name': 'Jackiem Joyner', 'popularity': 40, 'type': 'artist', 'uri': 'spotify:artist:7v8LpmcY0BFVhJCispRDgg'}",7v8LpmcY0BFVhJCispRDgg,40,"['deep smooth jazz', 'smooth jazz', 'smooth saxophone']",Lil' Man Soul,47,2009-04-21,0.62,0.788,3,-6.358,0,0.0565,0.161,0.507,0.061,0.75,167.996,audio_features,2Wn7ZtdXyJ9uGBg2j6VvZR,spotify:track:2Wn7ZtdXyJ9uGBg2j6VvZR,https://api.spotify.com/v1/tracks/2Wn7ZtdXyJ9uGBg2j6VvZR,https://api.spotify.com/v1/audio-analysis/2Wn7ZtdXyJ9uGBg2j6VvZR,245227,4,jazz
18WVeMD5nxYgy2O6Pj9AFO,It's All Love,"Chris ""Big Dog"" Davis","{'external_urls': {'spotify': 'https://open.spotify.com/artist/057eeHuaF5QTCQ76X2PRZ5'}, 'followers': {'href': None, 'total': 474}, 'genres': [], 'href': 'https://api.spotify.com/v1/artists/057eeHuaF5QTCQ76X2PRZ5', 'id': '057eeHuaF5QTCQ76X2PRZ5', 'images': [{'height': 640, 'url': 'https://i.scdn.co/image/ab67616d0000b2731034613c5bcdea493429241f', 'width': 640}, {'height': 300, 'url': 'https://i.scdn.co/image/ab67616d00001e021034613c5bcdea493429241f', 'width': 300}, {'height': 64, 'url': 'https://i.scdn.co/image/ab67616d000048511034613c5bcdea493429241f', 'width': 64}], 'name': 'Chris ""Big Dog"" Davis', 'popularity': 36, 'type': 'artist', 'uri': 'spotify:artist:057eeHuaF5QTCQ76X2PRZ5'}",057eeHuaF5QTCQ76X2PRZ5,36,[],Focus,0,2020-06-12,0.721,0.301,0,-10.603,1,0.031,0.705,0.299,0.206,0.352,119.946,audio_features,18WVeMD5nxYgy2O6Pj9AFO,spotify:track:18WVeMD5nxYgy2O6Pj9AFO,https://api.spotify.com/v1/tracks/18WVeMD5nxYgy2O6Pj9AFO,https://api.spotify.com/v1/audio-analysis/18WVeMD5nxYgy2O6Pj9AFO,205733,4,jazz
7qqamkny8IkXOCJrhjy73L,Fall For You,Blake Aaron,"{'external_urls': {'spotify': 'https://open.spotify.com/artist/5DnSgdQvmYD6yU1Sp7Ik56'}, 'followers': {'href': None, 'total': 4304}, 'genres': ['smooth jazz'], 'href': 'https://api.spotify.com/v1/artists/5DnSgdQvmYD6yU1Sp7Ik56', 'id': '5DnSgdQvmYD6yU1Sp7Ik56', 'images': [{'height': 640, 'url': 'https://i.scdn.co/image/ab6761610000e5ebf417b05f531f814fdc9eabe0', 'width': 640}, {'height': 320, 'url': 'https://i.scdn.co/image/ab67616100005174f417b05f531f814fdc9eabe0', 'width': 320}, {'height': 160, 'url': 'https://i.scdn.co/image/ab6761610000f178f417b05f531f814fdc9eabe0', 'width': 160}], 'name': 'Blake Aaron', 'popularity': 42, 'type': 'artist', 'uri': 'spotify:artist:5DnSgdQvmYD6yU1Sp7Ik56'}",5DnSgdQvmYD6yU1Sp7Ik56,42,['smooth jazz'],Fall For You,46,2019-09-06,0.7,0.912,11,-6.592,0,0.0472,0.115,0.93,0.0947,0.807,99.998,audio_features,7qqamkny8IkXOCJrhjy73L,spotify:track:7qqamkny8IkXOCJrhjy73L,https://api.spotify.com/v1/tracks/7qqamkny8IkXOCJrhjy73L,https://api.spotify.com/v1/audio-analysis/7qqamkny8IkXOCJrhjy73L,272400,4,jazz
26iTrELwsyYYDiZWnu2mFW,Adriatic Flow,Threestyle,"{'external_urls': {'spotify': 'https://open.spotify.com/artist/6Dj8bjGUnCYJddzoiTdJjX'}, 'followers': {'href': None, 'total': 3392}, 'genres': ['chill groove'], 'href': 'https://api.spotify.com/v1/artists/6Dj8bjGUnCYJddzoiTdJjX', 'id': '6Dj8bjGUnCYJddzoiTdJjX', 'images': [{'height': 640, 'url': 'https://i.scdn.co/image/ab6761610000e5eb0763f24e3a5eea0730e6720b', 'width': 640}, {'height': 320, 'url': 'https://i.scdn.co/image/ab676161000051740763f24e3a5eea0730e6720b', 'width': 320}, {'height': 160, 'url': 'https://i.scdn.co/image/ab6761610000f1780763f24e3a5eea0730e6720b', 'width': 160}], 'name': 'Threestyle', 'popularity': 34, 'type': 'artist', 'uri': 'spotify:artist:6Dj8bjGUnCYJddzoiTdJjX'}",6Dj8bjGUnCYJddzoiTdJjX,34,['chill groove'],Adriatic Flow,44,2018-09-03,0.633,0.731,2,-5.93,0,0.0317,0.477,0.286,0.08,0.342,150.001,audio_features,26iTrELwsyYYDiZWnu2mFW,spotify:track:26iTrELwsyYYDiZWnu2mFW,https://api.spotify.com/v1/tracks/26iTrELwsyYYDiZWnu2mFW,https://api.spotify.com/v1/audio-analysis/26iTrELwsyYYDiZWnu2mFW,247653,4,jazz
5zicMKlbOqwkKr3iCuVJnS,Brazz Street,Rick Braun,"{'external_urls': {'spotify': 'https://open.spotify.com/artist/4ThkLup6LmqCUuHuG434zZ'}, 'followers': {'href': None, 'total': 31983}, 'genres': ['jazz trumpet', 'smooth jazz'], 'href': 'https://api.spotify.com/v1/artists/4ThkLup6LmqCUuHuG434zZ', 'id': '4ThkLup6LmqCUuHuG434zZ', 'images': [{'height': 640, 'url': 'https://i.scdn.co/image/ab6761610000e5ebdb3f346f86951cf3f3ec00ae', 'width': 640}, {'height': 320, 'url': 'https://i.scdn.co/image/ab67616100005174db3f346f86951cf3f3ec00ae', 'width': 320}, {'height': 160, 'url': 'https://i.scdn.co/image/ab6761610000f178db3f346f86951cf3f3ec00ae', 'width': 160}], 'name': 'Rick Braun', 'popularity': 50, 'type': 'artist', 'uri': 'spotify:artist:4ThkLup6LmqCUuHuG434zZ'}",4ThkLup6LmqCUuHuG434zZ,50,"['jazz trumpet', 'smooth jazz']",Crossroads,0,2019-08-16,0.762,0.552,2,-8.484,1,0.0593,0.627,0.532,0.139,0.468,100.037,audio_features,5zicMKlbOqwkKr3iCuVJnS,spotify:track:5zicMKlbOqwkKr3iCuVJnS,https://api.spotify.com/v1/tracks/5zicMKlbOqwkKr3iCuVJnS,https://api.spotify.com/v1/audio-analysis/5zicMKlbOqwkKr3iCuVJnS,282547,4,jazz
2WkpgjnqTOPCi60IvlDtvB,My Song for You,Paula Atherton,"{'external_urls': {'spotify': 'https://open.spotify.com/artist/22aM32I9ao0SJOxWXrsNO6'}, 'followers': {'href': None, 'total': 1660}, 'genres': ['deep smooth jazz', 'smooth jazz', 'smooth saxophone'], 'href': 'https://api.spotify.com/v1/artists/22aM32I9ao0SJOxWXrsNO6', 'id': '22aM32I9ao0SJOxWXrsNO6', 'images': [{'height': 640, 'url': 'https://i.scdn.co/image/ab6761610000e5eb7abb9b2f4f758032b04c576a', 'width': 640}, {'height': 320, 'url': 'https://i.scdn.co/image/ab676161000051747abb9b2f4f758032b04c576a', 'width': 320}, {'height': 160, 'url': 'https://i.scdn.co/image/ab6761610000f1787abb9b2f4f758032b04c576a', 'width': 160}], 'name': 'Paula Atherton', 'popularity': 35, 'type': 'artist', 'uri': 'spotify:artist:22aM32I9ao0SJOxWXrsNO6'}",22aM32I9ao0SJOxWXrsNO6,35,"['deep smooth jazz', 'smooth jazz', 'smooth saxophone']",Shake It,48,2018-02-18,0.705,0.635,4,-6.395,0,0.0278,0.536,0.0161,0.113,0.525,102.933,audio_features,2WkpgjnqTOPCi60IvlDtvB,spotify:track:2WkpgjnqTOPCi60IvlDtvB,https://api.spotify.com/v1/tracks/2WkpgjnqTOPCi60IvlDtvB,https://api.spotify.com/v1/audio-analysis/2WkpgjnqTOPCi60IvlDtvB,278200,4,jazz
6dAiJguW0vDdbLf8QlY2DR,Golden,Kim Scott,"{'external_urls': {'spotify': 'https://open.spotify.com/artist/68nDtoCQKhf7AxQP0q3wSP'}, 'followers': {'href': None, 'total': 2282}, 'genres': ['smooth jazz'], 'href': 'https://api.spotify.com/v1/artists/68nDtoCQKhf7AxQP0q3wSP', 'id': '68nDtoCQKhf7AxQP0q3wSP', 'images': [{'height': 640, 'url': 'https://i.scdn.co/image/ab6761610000e5ebca184f5505f7472f43cff468', 'width': 640}, {'height': 320, 'url': 'https://i.scdn.co/image/ab67616100005174ca184f5505f7472f43cff468', 'width': 320}, {'height': 160, 'url': 'https://i.scdn.co/image/ab6761610000f178ca184f5505f7472f43cff468', 'width': 160}], 'name': 'Kim Scott', 'popularity': 34, 'type': 'artist', 'uri': 'spotify:artist:68nDtoCQKhf7AxQP0q3wSP'}",68nDtoCQKhf7AxQP0q3wSP,34,['smooth jazz'],Rite of Passage,44,2016-01-01,0.674,0.539,1,-9.453,1,0.0658,0.0505,0.0452,0.339,0.627,102.867,audio_features,6dAiJguW0vDdbLf8QlY2DR,spotify:track:6dAiJguW0vDdbLf8QlY2DR,https://api.spotify.com/v1/tracks/6dAiJguW0vDdbLf8QlY2DR,https://api.spotify.com/v1/audio-analysis/6dAiJguW0vDdbLf8QlY2DR,226667,4,jazz
1ldNcaMyLRYnRgYORskmlX,Stronger Now,Carol Albert,"{'external_urls': {'spotify': 'https://open.spotify.com/artist/3o1J5y4sY6jg1sOvF69qnm'}, 'followers': {'href': None, 'total': 1184}, 'genres': [], 'href': 'https://api.spotify.com/v1/artists/3o1J5y4sY6jg1sOvF69qnm', 'id': '3o1J5y4sY6jg1sOvF69qnm', 'images': [{'height': 640, 'url': 'https://i.scdn.co/image/ab6761610000e5ebe40dd0f63031ce40e740da21', 'width': 640}, {'height': 320, 'url': 'https://i.scdn.co/image/ab67616100005174e40dd0f63031ce40e740da21', 'width': 320}, {'height': 160, 'url': 'https://i.scdn.co/image/ab6761610000f178e40dd0f63031ce40e740da21', 'width': 160}], 'name': 'Carol Albert', 'popularity': 43, 'type': 'artist', 'uri': 'spotify:artist:3o1J5y4sY6jg1sOvF69qnm'}",3o1J5y4sY6jg1sOvF69qnm,43,[],Stronger Now,49,2020-01-31,0.59,0.455,2,-11.335,1,0.0277,0.218,0.907,0.217,0.435,139.994,audio_features,1ldNcaMyLRYnRgYORskmlX,spotify:track:1ldNcaMyLRYnRgYORskmlX,https://api.spotify.com/v1/tracks/1ldNcaMyLRYnRgYORskmlX,https://api.spotify.com/v1/audio-analysis/1ldNcaMyLRYnRgYORskmlX,223197,4,jazz
2YKRhy9PI0jd0JZSi27sDe,Velvet Groove,Eric Valentine,"{'external_urls': {'spotify': 'https://open.spotify.com/artist/5EgOh6qCgfprw49LvvMYC4'}, 'followers': {'href': None, 'total': 464}, 'genres': [], 'href': 'https://api.spotify.com/v1/artists/5EgOh6qCgfprw49LvvMYC4', 'id': '5EgOh6qCgfprw49LvvMYC4', 'images': [{'height': 640, 'url': 'https://i.scdn.co/image/ab6761610000e5eb4c207bd08b9ff52a6bbbd03d', 'width': 640}, {'height': 320, 'url': 'https://i.scdn.co/image/ab676161000051744c207bd08b9ff52a6bbbd03d', 'width': 320}, {'height': 160, 'url': 'https://i.scdn.co/image/ab6761610000f1784c207bd08b9ff52a6bbbd03d', 'width': 160}], 'name': 'Eric Valentine', 'popularity': 29, 'type': 'artist', 'uri': 'spotify:artist:5EgOh6qCgfprw49LvvMYC4'}",5EgOh6qCgfprw49LvvMYC4,29,[],Velvet Groove,41,2017-10-23,0.732,0.689,6,-6.791,1,0.0593,0.28,0.79,0.115,0.738,95.007,audio_features,2YKRhy9PI0jd0JZSi27sDe,spotify:track:2YKRhy9PI0jd0JZSi27sDe,https://api.spotify.com/v1/tracks/2YKRhy9PI0jd0JZSi27sDe,https://api.spotify.com/v1/audio-analysis/2YKRhy9PI0jd0JZSi27sDe,237029,4,jazz
1ZXt69SBkxQXPiVuMJ7RhH,Embrace â€‹,Jeff Ryan,"{'external_urls': {'spotify': 'https://open.spotify.com/artist/0cjzOb6JYN5AOg4WVA9miY'}, 'followers': {'href': None, 'total': 994}, 'genres': ['smooth saxophone'], 'href': 'https://api.spotify.com/v1/artists/0cjzOb6JYN5AOg4WVA9miY', 'id': '0cjzOb6JYN5AOg4WVA9miY', 'images': [{'height': 640, 'url': 'https://i.scdn.co/image/ab6761610000e5eba459fb818a199b59a2a76d61', 'width': 640}, {'height': 320, 'url': 'https://i.scdn.co/image/ab67616100005174a459fb818a199b59a2a76d61', 'width': 320}, {'height': 160, 'url': 'https://i.scdn.co/image/ab6761610000f178a459fb818a199b59a2a76d61', 'width': 160}], 'name': 'Jeff Ryan', 'popularity': 38, 'type': 'artist', 'uri': 'spotify:artist:0cjzOb6JYN5AOg4WVA9miY'}",0cjzOb6JYN5AOg4WVA9miY,38,['smooth saxophone'],Embrace,46,2018-07-13,0.523,0.619,8,-6.097,1,0.0267,0.252,0.791,0.172,0.336,80.013,audio_features,1ZXt69SBkxQXPiVuMJ7RhH,spotify:track:1ZXt69SBkxQXPiVuMJ7RhH,https://api.spotify.com/v1/tracks/1ZXt69SBkxQXPiVuMJ7RhH,https://api.spotify.com/v1/audio-analysis/1ZXt69SBkxQXPiVuMJ7RhH,282533,4,jazz
53Z6wHAS1oohnCSgLGmaLc,Just Between Us,Tony Saunders,"{'external_urls': {'spotify': 'https://open.spotify.com/artist/5OLFOdnwdWsZry0VUo3b2Q'}, 'followers': {'href': None, 'total': 1657}, 'genres': ['deep smooth jazz', 'smooth jazz'], 'href': 'https://api.spotify.com/v1/artists/5OLFOdnwdWsZry0VUo3b2Q', 'id': '5OLFOdnwdWsZry0VUo3b2Q', 'images': [{'height': 640, 'url': 'https://i.scdn.co/image/ab6761610000e5ebc26a16ddb6ca9e57a0441fc3', 'width': 640}, {'height': 320, 'url': 'https://i.scdn.co/image/ab67616100005174c26a16ddb6ca9e57a0441fc3', 'width': 320}, {'height': 160, 'url': 'https://i.scdn.co/image/ab6761610000f178c26a16ddb6ca9e57a0441fc3', 'width': 160}], 'name': 'Tony Saunders', 'popularity': 33, 'type': 'artist', 'uri': 'spotify:artist:5OLFOdnwdWsZry0VUo3b2Q'}",5OLFOdnwdWsZry0VUo3b2Q,33,"['deep smooth jazz', 'smooth jazz']",All About Love,35,2021-07-30,0.608,0.543,7,-9.365,0,0.0333,0.805,0.916,0.0875,0.536,71.975,audio_features,53Z6wHAS1oohnCSgLGmaLc,spotify:track:53Z6wHAS1oohnCSgLGmaLc,https://api.spotify.com/v1/tracks/53Z6wHAS1oohnCSgLGmaLc,https://api.spotify.com/v1/audio-analysis/53Z6wHAS1oohnCSgLGmaLc,289200,4,jazz
1TeSdXeVdGb8YbE7YcNTyU,Afternoon Delight,Julian Vaughn,"{'external_urls': {'spotify': 'https://open.spotify.com/artist/6NS4Qt4ISw27NC9tIN9jgg'}, 'followers': {'href': None, 'total': 7360}, 'genres': ['smooth jazz'], 'href': 'https://api.spotify.com/v1/artists/6NS4Qt4ISw27NC9tIN9jgg', 'id': '6NS4Qt4ISw27NC9tIN9jgg', 'images': [{'height': 640, 'url': 'https://i.scdn.co/image/ab6761610000e5ebd869d1165dd464983cd7fda1', 'width': 640}, {'height': 320, 'url': 'https://i.scdn.co/image/ab67616100005174d869d1165dd464983cd7fda1', 'width': 320}, {'height': 160, 'url': 'https://i.scdn.co/image/ab6761610000f178d869d1165dd464983cd7fda1', 'width': 160}], 'name': 'Julian Vaughn', 'popularity': 43, 'type': 'artist', 'uri': 'spotify:artist:6NS4Qt4ISw27NC9tIN9jgg'}",6NS4Qt4ISw27NC9tIN9jgg,43,['smooth jazz'],Supreme,34,2019-06-28,0.734,0.662,7,-6.829,1,0.0312,0.0264,0.617,0.233,0.707,110.014,audio_features,1TeSdXeVdGb8YbE7YcNTyU,spotify:track:1TeSdXeVdGb8YbE7YcNTyU,https://api.spotify.com/v1/tracks/1TeSdXeVdGb8YbE7YcNTyU,https://api.spotify.com/v1/audio-analysis/1TeSdXeVdGb8YbE7YcNTyU,263106,4,jazz
7H8SthzNfUQphbs96I2Gfs,Zephyr,Kayla Waters,"{'external_urls': {'spotify': 'https://open.spotify.com/artist/20DXNOp0Em8SisS8UjxPiA'}, 'followers': {'href': None, 'total': 2935}, 'genres': ['smooth jazz'], 'href': 'https://api.spotify.com/v1/artists/20DXNOp0Em8SisS8UjxPiA', 'id': '20DXNOp0Em8SisS8UjxPiA', 'images': [{'height': 640, 'url': 'https://i.scdn.co/image/ab6761610000e5eb4a14dea6e923f18f3733ff68', 'width': 640}, {'height': 320, 'url': 'https://i.scdn.co/image/ab676161000051744a14dea6e923f18f3733ff68', 'width': 320}, {'height': 160, 'url': 'https://i.scdn.co/image/ab6761610000f1784a14dea6e923f18f3733ff68', 'width': 160}], 'name': 'Kayla Waters', 'popularity': 38, 'type': 'artist', 'uri': 'spotify:artist:20DXNOp0Em8SisS8UjxPiA'}",20DXNOp0Em8SisS8UjxPiA,38,['smooth jazz'],Coevolve,38,2018-10-26,0.607,0.852,4,-8.918,1,0.0303,0.318,0.703,0.0961,0.628,100.003,audio_features,7H8SthzNfUQphbs96I2Gfs,spotify:track:7H8SthzNfUQphbs96I2Gfs,https://api.spotify.com/v1/tracks/7H8SthzNfUQphbs96I2Gfs,https://api.spotify.com/v1/audio-analysis/7H8SthzNfUQphbs96I2Gfs,293595,4,jazz
5eMbgx0rjKqcCkWfBGYM83,Personal Touch,Vincent Ingala,"{'external_urls': {'spotify': 'https://open.spotify.com/artist/1tPdDNZNPVa7NOQ6S0A5x7'}, 'followers': {'href': None, 'total': 8620}, 'genres': ['smooth jazz'], 'href': 'https://api.spotify.com/v1/artists/1tPdDNZNPVa7NOQ6S0A5x7', 'id': '1tPdDNZNPVa7NOQ6S0A5x7', 'images': [{'height': 640, 'url': 'https://i.scdn.co/image/ab6761610000e5eb122bdf499f1384788683613f', 'width': 640}, {'height': 320, 'url': 'https://i.scdn.co/image/ab67616100005174122bdf499f1384788683613f', 'width': 320}, {'height': 160, 'url': 'https://i.scdn.co/image/ab6761610000f178122bdf499f1384788683613f', 'width': 160}], 'name': 'Vincent Ingala', 'popularity': 47, 'type': 'artist', 'uri': 'spotify:artist:1tPdDNZNPVa7NOQ6S0A5x7'}",1tPdDNZNPVa7NOQ6S0A5x7,47,['smooth jazz'],Personal Touch,0,2018-05-04,0.652,0.796,8,-9.88,1,0.0349,0.447,0.876,0.079,0.756,90.013,audio_features,5eMbgx0rjKqcCkWfBGYM83,spotify:track:5eMbgx0rjKqcCkWfBGYM83,https://api.spotify.com/v1/tracks/5eMbgx0rjKqcCkWfBGYM83,https://api.spotify.com/v1/audio-analysis/5eMbgx0rjKqcCkWfBGYM83,224627,4,jazz
6CqToVNuBYHXvlzdQmZHJA,Tequila Moon,Jessy J,"{'external_urls': {'spotify': 'https://open.spotify.com/artist/4WrtIP5PIekZwaAZo1tb0x'}, 'followers': {'href': None, 'total': 15314}, 'genres': ['deep smooth jazz', 'smooth jazz', 'smooth saxophone'], 'href': 'https://api.spotify.com/v1/artists/4WrtIP5PIekZwaAZo1tb0x', 'id': '4WrtIP5PIekZwaAZo1tb0x', 'images': [{'height': 640, 'url': 'https://i.scdn.co/image/ab6761610000e5eb1e3eb52d797f7c16797e037f', 'width': 640}, {'height': 320, 'url': 'https://i.scdn.co/image/ab676161000051741e3eb52d797f7c16797e037f', 'width': 320}, {'height': 160, 'url': 'https://i.scdn.co/image/ab6761610000f1781e3eb52d797f7c16797e037f', 'width': 160}], 'name': 'Jessy J', 'popularity': 38, 'type': 'artist', 'uri': 'spotify:artist:4WrtIP5PIekZwaAZo1tb0x'}",4WrtIP5PIekZwaAZo1tb0x,38,"['deep smooth jazz', 'smooth jazz', 'smooth saxophone']",Tequila Moon,0,2008-01-01,0.545,0.439,2,-11.139,0,0.0351,0.69,0.421,0.123,0.621,94.064,audio_features,6CqToVNuBYHXvlzdQmZHJA,spotify:track:6CqToVNuBYHXvlzdQmZHJA,https://api.spotify.com/v1/tracks/6CqToVNuBYHXvlzdQmZHJA,https://api.spotify.com/v1/audio-analysis/6CqToVNuBYHXvlzdQmZHJA,276333,4,jazz
55xnJlHCwTVBPXF7IbpIns,Infinite Soul (Radio Single),Will Donato,"{'external_urls': {'spotify': 'https://open.spotify.com/artist/0m8061Uhsuwz9fv6AJGOs9'}, 'followers': {'href': None, 'total': 1912}, 'genres': ['deep smooth jazz', 'smooth jazz'], 'href': 'https://api.spotify.com/v1/artists/0m8061Uhsuwz9fv6AJGOs9', 'id': '0m8061Uhsuwz9fv6AJGOs9', 'images': [{'height': 640, 'url': 'https://i.scdn.co/image/ab6761610000e5eb1f17ee5fada53469f772e6d3', 'width': 640}, {'height': 320, 'url': 'https://i.scdn.co/image/ab676161000051741f17ee5fada53469f772e6d3', 'width': 320}, {'height': 160, 'url': 'https://i.scdn.co/image/ab6761610000f1781f17ee5fada53469f772e6d3', 'width': 160}], 'name': 'Will Donato', 'popularity': 32, 'type': 'artist', 'uri': 'spotify:artist:0m8061Uhsuwz9fv6AJGOs9'}",0m8061Uhsuwz9fv6AJGOs9,32,"['deep smooth jazz', 'smooth jazz']",Infinite Soul (Radio Single),3,2019-01-01,0.77,0.741,9,-5.851,0,0.0583,0.39,0.823,0.0414,0.807,101.936,audio_features,55xnJlHCwTVBPXF7IbpIns,spotify:track:55xnJlHCwTVBPXF7IbpIns,https://api.spotify.com/v1/tracks/55xnJlHCwTVBPXF7IbpIns,https://api.spotify.com/v1/audio-analysis/55xnJlHCwTVBPXF7IbpIns,241082,4,jazz
0uuGRLt4ZeRI4JLIDw4oEo,Open Skies,Gary Metz,"{'external_urls': {'spotify': 'https://open.spotify.com/artist/1U1yKduFJ40wGcQvQ9ZK4g'}, 'followers': {'href': None, 'total': 256}, 'genres': [], 'href': 'https://api.spotify.com/v1/artists/1U1yKduFJ40wGcQvQ9ZK4g', 'id': '1U1yKduFJ40wGcQvQ9ZK4g', 'images': [{'height': 640, 'url': 'https://i.scdn.co/image/ab67616d0000b27363eae2d69c1520f5d9b35355', 'width': 640}, {'height': 300, 'url': 'https://i.scdn.co/image/ab67616d00001e0263eae2d69c1520f5d9b35355', 'width': 300}, {'height': 64, 'url': 'https://i.scdn.co/image/ab67616d0000485163eae2d69c1520f5d9b35355', 'width': 64}], 'name': 'Gary Metz', 'popularity': 32, 'type': 'artist', 'uri': 'spotify:artist:1U1yKduFJ40wGcQvQ9ZK4g'}",1U1yKduFJ40wGcQvQ9ZK4g,32,[],Open Skies,46,2018-12-01,0.587,0.42,1,-8.598,1,0.0281,0.72,0.469,0.113,0.371,61.954,audio_features,0uuGRLt4ZeRI4JLIDw4oEo,spotify:track:0uuGRLt4ZeRI4JLIDw4oEo,https://api.spotify.com/v1/tracks/0uuGRLt4ZeRI4JLIDw4oEo,https://api.spotify.com/v1/audio-analysis/0uuGRLt4ZeRI4JLIDw4oEo,212613,4,jazz
3EQ5NnNUxhE9oRnRk4HPuL,His Coolness,Alex Bugnon,"{'external_urls': {'spotify': 'https://open.spotify.com/artist/5bDmz2qpZCbOJ4XHHYe5y1'}, 'followers': {'href': None, 'total': 26843}, 'genres': ['smooth jazz'], 'href': 'https://api.spotify.com/v1/artists/5bDmz2qpZCbOJ4XHHYe5y1', 'id': '5bDmz2qpZCbOJ4XHHYe5y1', 'images': [{'height': 1247, 'url': 'https://i.scdn.co/image/607fb884a2316cd65dc3e4751b8ee1898d4c0f5d', 'width': 1000}, {'height': 798, 'url': 'https://i.scdn.co/image/84a6a275fbcc5d726c061d06ec84b9e2eff8790c', 'width': 640}, {'height': 249, 'url': 'https://i.scdn.co/image/163e8ab393423af57380fff1e116ebf22273b55f', 'width': 200}, {'height': 80, 'url': 'https://i.scdn.co/image/25dfeb9cbb92ed3caf942ce5e9a9b694618da72f', 'width': 64}], 'name': 'Alex Bugnon', 'popularity': 40, 'type': 'artist', 'uri': 'spotify:artist:5bDmz2qpZCbOJ4XHHYe5y1'}",5bDmz2qpZCbOJ4XHHYe5y1,40,['smooth jazz'],As Promised,45,2000-01-01,0.743,0.428,4,-11.526,0,0.0307,0.244,0.754,0.0829,0.904,90.234,audio_features,3EQ5NnNUxhE9oRnRk4HPuL,spotify:track:3EQ5NnNUxhE9oRnRk4HPuL,https://api.spotify.com/v1/tracks/3EQ5NnNUxhE9oRnRk4HPuL,https://api.spotify.com/v1/audio-analysis/3EQ5NnNUxhE9oRnRk4HPuL,324133,4,jazz
2htlcs2eo5JBL1gQu8UvYE,Never Enough,Lisa Addeo,"{'external_urls': {'spotify': 'https://open.spotify.com/artist/1Rkm8EM4Z0fYhkJ1k6D52U'}, 'followers': {'href': None, 'total': 873}, 'genres': [], 'href': 'https://api.spotify.com/v1/artists/1Rkm8EM4Z0fYhkJ1k6D52U', 'id': '1Rkm8EM4Z0fYhkJ1k6D52U', 'images': [{'height': 640, 'url': 'https://i.scdn.co/image/ab6761610000e5eb90045a659ea789309df7af51', 'width': 640}, {'height': 320, 'url': 'https://i.scdn.co/image/ab6761610000517490045a659ea789309df7af51', 'width': 320}, {'height': 160, 'url': 'https://i.scdn.co/image/ab6761610000f17890045a659ea789309df7af51', 'width': 160}], 'name': 'Lisa Addeo', 'popularity': 36, 'type': 'artist', 'uri': 'spotify:artist:1Rkm8EM4Z0fYhkJ1k6D52U'}",1Rkm8EM4Z0fYhkJ1k6D52U,36,[],Listen to This,43,2019-09-27,0.695,0.54,0,-8.903,0,0.0304,0.634,0.924,0.0918,0.621,93.962,audio_features,2htlcs2eo5JBL1gQu8UvYE,spotify:track:2htlcs2eo5JBL1gQu8UvYE,https://api.spotify.com/v1/tracks/2htlcs2eo5JBL1gQu8UvYE,https://api.spotify.com/v1/audio-analysis/2htlcs2eo5JBL1gQu8UvYE,239949,4,jazz
3vkk18EK3VoKePPFGUQhcH,Fired Up,Brian Simpson,"{'external_urls': {'spotify': 'https://open.spotify.com/artist/4uIdP3jwyR0xifCS2FYS3o'}, 'followers': {'href': None, 'total': 32878}, 'genres': ['smooth jazz'], 'href': 'https://api.spotify.com/v1/artists/4uIdP3jwyR0xifCS2FYS3o', 'id': '4uIdP3jwyR0xifCS2FYS3o', 'images': [{'height': 640, 'url': 'https://i.scdn.co/image/ab6761610000e5eb873cc7ebd0dfe356fa4f3b9d', 'width': 640}, {'height': 320, 'url': 'https://i.scdn.co/image/ab67616100005174873cc7ebd0dfe356fa4f3b9d', 'width': 320}, {'height': 160, 'url': 'https://i.scdn.co/image/ab6761610000f178873cc7ebd0dfe356fa4f3b9d', 'width': 160}], 'name': 'Brian Simpson', 'popularity': 50, 'type': 'artist', 'uri': 'spotify:artist:4uIdP3jwyR0xifCS2FYS3o'}",4uIdP3jwyR0xifCS2FYS3o,50,['smooth jazz'],Unified,0,2020-01-17,0.81,0.639,7,-9.925,0,0.035,0.575,0.8,0.0989,0.871,102.001,audio_features,3vkk18EK3VoKePPFGUQhcH,spotify:track:3vkk18EK3VoKePPFGUQhcH,https://api.spotify.com/v1/tracks/3vkk18EK3VoKePPFGUQhcH,https://api.spotify.com/v1/audio-analysis/3vkk18EK3VoKePPFGUQhcH,262640,4,jazz
3WBkCYUDJB6dwixiOP6kPD,10. Soul Dream,Tim Bowman,"{'external_urls': {'spotify': 'https://open.spotify.com/artist/0lVHG6dLy7suf4FaubTzF5'}, 'followers': {'href': None, 'total': 23193}, 'genres': ['smooth jazz'], 'href': 'https://api.spotify.com/v1/artists/0lVHG6dLy7suf4FaubTzF5', 'id': '0lVHG6dLy7suf4FaubTzF5', 'images': [{'height': 640, 'url': 'https://i.scdn.co/image/ab6761610000e5ebed2263cef9d829e242ce8661', 'width': 640}, {'height': 320, 'url': 'https://i.scdn.co/image/ab67616100005174ed2263cef9d829e242ce8661', 'width': 320}, {'height': 160, 'url': 'https://i.scdn.co/image/ab6761610000f178ed2263cef9d829e242ce8661', 'width': 160}], 'name': 'Tim Bowman', 'popularity': 44, 'type': 'artist', 'uri': 'spotify:artist:0lVHG6dLy7suf4FaubTzF5'}",0lVHG6dLy7suf4FaubTzF5,44,['smooth jazz'],Tim Bowman,37,2008-09-30,0.63,0.594,6,-7.705,1,0.0417,0.359,0.734,0.0593,0.799,170.034,audio_features,3WBkCYUDJB6dwixiOP6kPD,spotify:track:3WBkCYUDJB6dwixiOP6kPD,https://api.spotify.com/v1/tracks/3WBkCYUDJB6dwixiOP6kPD,https://api.spotify.com/v1/audio-analysis/3WBkCYUDJB6dwixiOP6kPD,302815,4,jazz
7EIASGWhdchNEwPYB3E1Nm,Long Road,Steve Oliver,"{'external_urls': {'spotify': 'https://open.spotify.com/artist/0eorTItuLyKdhZmII8zREL'}, 'followers': {'href': None, 'total': 16207}, 'genres': ['smooth jazz'], 'href': 'https://api.spotify.com/v1/artists/0eorTItuLyKdhZmII8zREL', 'id': '0eorTItuLyKdhZmII8zREL', 'images': [{'height': 640, 'url': 'https://i.scdn.co/image/ab6761610000e5eb1dfea590a693df1c267c126f', 'width': 640}, {'height': 320, 'url': 'https://i.scdn.co/image/ab676161000051741dfea590a693df1c267c126f', 'width': 320}, {'height': 160, 'url': 'https://i.scdn.co/image/ab6761610000f1781dfea590a693df1c267c126f', 'width': 160}], 'name': 'Steve Oliver', 'popularity': 44, 'type': 'artist', 'uri': 'spotify:artist:0eorTItuLyKdhZmII8zREL'}",0eorTItuLyKdhZmII8zREL,44,['smooth jazz'],Global Kiss,47,2010-03-30,0.396,0.562,4,-8.736,0,0.0365,0.124,0.926,0.109,0.294,81.49,audio_features,7EIASGWhdchNEwPYB3E1Nm,spotify:track:7EIASGWhdchNEwPYB3E1Nm,https://api.spotify.com/v1/tracks/7EIASGWhdchNEwPYB3E1Nm,https://api.spotify.com/v1/audio-analysis/7EIASGWhdchNEwPYB3E1Nm,261867,4,jazz
61S3v0zujG9J171zdMEap7,Summer Nights,Nils,"{'external_urls': {'spotify': 'https://open.spotify.com/artist/1vzmLZbXh0Bw5Kz5U4iIyB'}, 'followers': {'href': None, 'total': 7074}, 'genres': ['smooth jazz'], 'href': 'https://api.spotify.com/v1/artists/1vzmLZbXh0Bw5Kz5U4iIyB', 'id': '1vzmLZbXh0Bw5Kz5U4iIyB', 'images': [{'height': 640, 'url': 'https://i.scdn.co/image/ab67616d0000b2731d760a813b01e59ce2860c3c', 'width': 640}, {'height': 300, 'url': 'https://i.scdn.co/image/ab67616d00001e021d760a813b01e59ce2860c3c', 'width': 300}, {'height': 64, 'url': 'https://i.scdn.co/image/ab67616d000048511d760a813b01e59ce2860c3c', 'width': 64}], 'name': 'Nils', 'popularity': 44, 'type': 'artist', 'uri': 'spotify:artist:1vzmLZbXh0Bw5Kz5U4iIyB'}",1vzmLZbXh0Bw5Kz5U4iIyB,44,['smooth jazz'],Pacific Coast Highway,50,2005-01-25,0.637,0.818,10,-7.178,0,0.0338,0.189,0.886,0.0703,0.799,97.983,audio_features,61S3v0zujG9J171zdMEap7,spotify:track:61S3v0zujG9J171zdMEap7,https://api.spotify.com/v1/tracks/61S3v0zujG9J171zdMEap7,https://api.spotify.com/v1/audio-analysis/61S3v0zujG9J171zdMEap7,238853,4,jazz
1AbQCUGbvIbO2NUen6tVAg,Magic Hour,Sean U,"{'external_urls': {'spotify': 'https://open.spotify.com/artist/0z87sJVJOzK2uqJ4lsxUdE'}, 'followers': {'href': None, 'total': 388}, 'genres': [], 'href': 'https://api.spotify.com/v1/artists/0z87sJVJOzK2uqJ4lsxUdE', 'id': '0z87sJVJOzK2uqJ4lsxUdE', 'images': [{'height': 640, 'url': 'https://i.scdn.co/image/ab6761610000e5eb793913cdb2161e9575175dfc', 'width': 640}, {'height': 320, 'url': 'https://i.scdn.co/image/ab67616100005174793913cdb2161e9575175dfc', 'width': 320}, {'height': 160, 'url': 'https://i.scdn.co/image/ab6761610000f178793913cdb2161e9575175dfc', 'width': 160}], 'name': 'Sean U', 'popularity': 35, 'type': 'artist', 'uri': 'spotify:artist:0z87sJVJOzK2uqJ4lsxUdE'}",0z87sJVJOzK2uqJ4lsxUdE,35,[],Magic Hour,49,2020-08-31,0.585,0.838,5,-6.884,1,0.0348,0.146,0.858,0.0716,0.794,172.023,audio_features,1AbQCUGbvIbO2NUen6tVAg,spotify:track:1AbQCUGbvIbO2NUen6tVAg,https://api.spotify.com/v1/tracks/1AbQCUGbvIbO2NUen6tVAg,https://api.spotify.com/v1/audio-analysis/1AbQCUGbvIbO2NUen6tVAg,255349,4,jazz
7wsOL6S0gabDU2OW95qlSq,Chill AF,Vandell Andrew,"{'external_urls': {'spotify': 'https://open.spotify.com/artist/2CqMN6Wc7xALKwcrV2vqEW'}, 'followers': {'href': None, 'total': 5345}, 'genres': ['smooth jazz', 'smooth saxophone'], 'href': 'https://api.spotify.com/v1/artists/2CqMN6Wc7xALKwcrV2vqEW', 'id': '2CqMN6Wc7xALKwcrV2vqEW', 'images': [{'height': 640, 'url': 'https://i.scdn.co/image/ab6761610000e5eb0a09ff8db1047d5b764b9a88', 'width': 640}, {'height': 320, 'url': 'https://i.scdn.co/image/ab676161000051740a09ff8db1047d5b764b9a88', 'width': 320}, {'height': 160, 'url': 'https://i.scdn.co/image/ab6761610000f1780a09ff8db1047d5b764b9a88', 'width': 160}], 'name': 'Vandell Andrew', 'popularity': 38, 'type': 'artist', 'uri': 'spotify:artist:2CqMN6Wc7xALKwcrV2vqEW'}",2CqMN6Wc7xALKwcrV2vqEW,38,"['smooth jazz', 'smooth saxophone']",30,45,2018-04-17,0.615,0.817,0,-7.147,0,0.103,0.57,0.589,0.17,0.553,80.223,audio_features,7wsOL6S0gabDU2OW95qlSq,spotify:track:7wsOL6S0gabDU2OW95qlSq,https://api.spotify.com/v1/tracks/7wsOL6S0gabDU2OW95qlSq,https://api.spotify.com/v1/audio-analysis/7wsOL6S0gabDU2OW95qlSq,245990,4,jazz
3fV8jbhyPEBcltw5d79W1s,Let It Flow,Eric Darius,"{'external_urls': {'spotify': 'https://open.spotify.com/artist/39HDjLbYtWrCQrqpl9sOX8'}, 'followers': {'href': None, 'total': 39097}, 'genres': ['smooth jazz', 'smooth saxophone'], 'href': 'https://api.spotify.com/v1/artists/39HDjLbYtWrCQrqpl9sOX8', 'id': '39HDjLbYtWrCQrqpl9sOX8', 'images': [{'height': 640, 'url': 'https://i.scdn.co/image/ab6761610000e5eb3a0645832d758ad0f32e0618', 'width': 640}, {'height': 320, 'url': 'https://i.scdn.co/image/ab676161000051743a0645832d758ad0f32e0618', 'width': 320}, {'height': 160, 'url': 'https://i.scdn.co/image/ab6761610000f1783a0645832d758ad0f32e0618', 'width': 160}], 'name': 'Eric Darius', 'popularity': 45, 'type': 'artist', 'uri': 'spotify:artist:39HDjLbYtWrCQrqpl9sOX8'}",39HDjLbYtWrCQrqpl9sOX8,45,"['smooth jazz', 'smooth saxophone']",Night On The Town,48,2002-06-29,0.777,0.556,4,-8.664,0,0.0278,0.273,0.154,0.1,0.788,87.009,audio_features,3fV8jbhyPEBcltw5d79W1s,spotify:track:3fV8jbhyPEBcltw5d79W1s,https://api.spotify.com/v1/tracks/3fV8jbhyPEBcltw5d79W1s,https://api.spotify.com/v1/audio-analysis/3fV8jbhyPEBcltw5d79W1s,289240,4,jazz
3Zwphwi81qVI7ucNusDSRq,It's Too Late,Michael Lington,"{'external_urls': {'spotify': 'https://open.spotify.com/artist/23P8kVBVyDkO8s6sn1QDre'}, 'followers': {'href': None, 'total': 23277}, 'genres': ['smooth jazz', 'smooth saxophone'], 'href': 'https://api.spotify.com/v1/artists/23P8kVBVyDkO8s6sn1QDre', 'id': '23P8kVBVyDkO8s6sn1QDre', 'images': [{'height': 640, 'url': 'https://i.scdn.co/image/ab6761610000e5eb6e73b81a99093a7f12bc0377', 'width': 640}, {'height': 320, 'url': 'https://i.scdn.co/image/ab676161000051746e73b81a99093a7f12bc0377', 'width': 320}, {'height': 160, 'url': 'https://i.scdn.co/image/ab6761610000f1786e73b81a99093a7f12bc0377', 'width': 160}], 'name': 'Michael Lington', 'popularity': 46, 'type': 'artist', 'uri': 'spotify:artist:23P8kVBVyDkO8s6sn1QDre'}",23P8kVBVyDkO8s6sn1QDre,46,"['smooth jazz', 'smooth saxophone']",A Song For You,51,2008-10-24,0.715,0.548,8,-7.001,1,0.0248,0.307,0.0456,0.092,0.539,106.015,audio_features,3Zwphwi81qVI7ucNusDSRq,spotify:track:3Zwphwi81qVI7ucNusDSRq,https://api.spotify.com/v1/tracks/3Zwphwi81qVI7ucNusDSRq,https://api.spotify.com/v1/audio-analysis/3Zwphwi81qVI7ucNusDSRq,281920,4,jazz
5iFDAezQ6Tg4rmTlN8rntx,Encantadora (feat. Najee),Blake Aaron,"{'external_urls': {'spotify': 'https://open.spotify.com/artist/5DnSgdQvmYD6yU1Sp7Ik56'}, 'followers': {'href': None, 'total': 4304}, 'genres': ['smooth jazz'], 'href': 'https://api.spotify.com/v1/artists/5DnSgdQvmYD6yU1Sp7Ik56', 'id': '5DnSgdQvmYD6yU1Sp7Ik56', 'images': [{'height': 640, 'url': 'https://i.scdn.co/image/ab6761610000e5ebf417b05f531f814fdc9eabe0', 'width': 640}, {'height': 320, 'url': 'https://i.scdn.co/image/ab67616100005174f417b05f531f814fdc9eabe0', 'width': 320}, {'height': 160, 'url': 'https://i.scdn.co/image/ab6761610000f178f417b05f531f814fdc9eabe0', 'width': 160}], 'name': 'Blake Aaron', 'popularity': 42, 'type': 'artist', 'uri': 'spotify:artist:5DnSgdQvmYD6yU1Sp7Ik56'}",5DnSgdQvmYD6yU1Sp7Ik56,42,['smooth jazz'],Encantadora (feat. Najee),0,2010-10-25,0.721,0.728,8,-8.629,1,0.0339,0.465,0.235,0.0897,0.733,100.01,audio_features,5iFDAezQ6Tg4rmTlN8rntx,spotify:track:5iFDAezQ6Tg4rmTlN8rntx,https://api.spotify.com/v1/tracks/5iFDAezQ6Tg4rmTlN8rntx,https://api.spotify.com/v1/audio-analysis/5iFDAezQ6Tg4rmTlN8rntx,249750,4,jazz
2ptNHiOb6DbdWytP2Nsslu,In Key,Spur Of The Moment,"{'external_urls': {'spotify': 'https://open.spotify.com/artist/07R91vaA8abuyWQlXlmIDe'}, 'followers': {'href': None, 'total': 1162}, 'genres': ['deep smooth jazz', 'smooth jazz'], 'href': 'https://api.spotify.com/v1/artists/07R91vaA8abuyWQlXlmIDe', 'id': '07R91vaA8abuyWQlXlmIDe', 'images': [{'height': 640, 'url': 'https://i.scdn.co/image/ab67616d0000b27380b65cf71e66e2943603e9a7', 'width': 640}, {'height': 300, 'url': 'https://i.scdn.co/image/ab67616d00001e0280b65cf71e66e2943603e9a7', 'width': 300}, {'height': 64, 'url': 'https://i.scdn.co/image/ab67616d0000485180b65cf71e66e2943603e9a7', 'width': 64}], 'name': 'Spur Of The Moment', 'popularity': 32, 'type': 'artist', 'uri': 'spotify:artist:07R91vaA8abuyWQlXlmIDe'}",07R91vaA8abuyWQlXlmIDe,32,"['deep smooth jazz', 'smooth jazz']",Out Of The Shadows,45,2000,0.527,0.605,0,-6.117,0,0.0397,0.0987,0.903,0.0837,0.601,176.116,audio_features,2ptNHiOb6DbdWytP2Nsslu,spotify:track:2ptNHiOb6DbdWytP2Nsslu,https://api.spotify.com/v1/tracks/2ptNHiOb6DbdWytP2Nsslu,https://api.spotify.com/v1/audio-analysis/2ptNHiOb6DbdWytP2Nsslu,281413,4,jazz
5or7bhNB7mwNombgXS0uGe,Angels We Have Heard on High,Claudia Hayden,"{'external_urls': {'spotify': 'https://open.spotify.com/artist/4lzzp29eEkgngB0b4mJ8DB'}, 'followers': {'href': None, 'total': 131}, 'genres': [], 'href': 'https://api.spotify.com/v1/artists/4lzzp29eEkgngB0b4mJ8DB', 'id': '4lzzp29eEkgngB0b4mJ8DB', 'images': [{'height': 640, 'url': 'https://i.scdn.co/image/ab67616d0000b2735be42608e2844f88be811396', 'width': 640}, {'height': 300, 'url': 'https://i.scdn.co/image/ab67616d00001e025be42608e2844f88be811396', 'width': 300}, {'height': 64, 'url': 'https://i.scdn.co/image/ab67616d000048515be42608e2844f88be811396', 'width': 64}], 'name': 'Claudia Hayden', 'popularity': 26, 'type': 'artist', 'uri': 'spotify:artist:4lzzp29eEkgngB0b4mJ8DB'}",4lzzp29eEkgngB0b4mJ8DB,26,[],Angels We Have Heard on High,40,2020-11-13,0.456,0.497,5,-10.843,0,0.0399,0.872,0.184,0.101,0.605,119.411,audio_features,5or7bhNB7mwNombgXS0uGe,spotify:track:5or7bhNB7mwNombgXS0uGe,https://api.spotify.com/v1/tracks/5or7bhNB7mwNombgXS0uGe,https://api.spotify.com/v1/audio-analysis/5or7bhNB7mwNombgXS0uGe,253622,4,jazz
6mpc681Hb9vbr4tFZJ7Jfc,Elevation,Jackiem Joyner,"{'external_urls': {'spotify': 'https://open.spotify.com/artist/7v8LpmcY0BFVhJCispRDgg'}, 'followers': {'href': None, 'total': 8147}, 'genres': ['deep smooth jazz', 'smooth jazz', 'smooth saxophone'], 'href': 'https://api.spotify.com/v1/artists/7v8LpmcY0BFVhJCispRDgg', 'id': '7v8LpmcY0BFVhJCispRDgg', 'images': [{'height': 640, 'url': 'https://i.scdn.co/image/ab6761610000e5eb9ab70c78a15cd989d94bcdd1', 'width': 640}, {'height': 320, 'url': 'https://i.scdn.co/image/ab676161000051749ab70c78a15cd989d94bcdd1', 'width': 320}, {'height': 160, 'url': 'https://i.scdn.co/image/ab6761610000f1789ab70c78a15cd989d94bcdd1', 'width': 160}], 'name': 'Jackiem Joyner', 'popularity': 40, 'type': 'artist', 'uri': 'spotify:artist:7v8LpmcY0BFVhJCispRDgg'}",7v8LpmcY0BFVhJCispRDgg,40,"['deep smooth jazz', 'smooth jazz', 'smooth saxophone']",Babysoul,45,2007-05-08,0.785,0.716,4,-5.797,0,0.0462,0.0889,0.195,0.165,0.709,100.009,audio_features,6mpc681Hb9vbr4tFZJ7Jfc,spotify:track:6mpc681Hb9vbr4tFZJ7Jfc,https://api.spotify.com/v1/tracks/6mpc681Hb9vbr4tFZJ7Jfc,https://api.spotify.com/v1/audio-analysis/6mpc681Hb9vbr4tFZJ7Jfc,284987,4,jazz
5pQQjMOsR4HjuO94AEXTqX,Out of the Blue,Chris Standring,"{'external_urls': {'spotify': 'https://open.spotify.com/artist/1XeMzpgjVKU2dR5xXaZLut'}, 'followers': {'href': None, 'total': 28224}, 'genres': ['smooth jazz'], 'href': 'https://api.spotify.com/v1/artists/1XeMzpgjVKU2dR5xXaZLut', 'id': '1XeMzpgjVKU2dR5xXaZLut', 'images': [{'height': 640, 'url': 'https://i.scdn.co/image/ab6761610000e5eb8ae46398c2e7e4501e8bd3ca', 'width': 640}, {'height': 320, 'url': 'https://i.scdn.co/image/ab676161000051748ae46398c2e7e4501e8bd3ca', 'width': 320}, {'height': 160, 'url': 'https://i.scdn.co/image/ab6761610000f1788ae46398c2e7e4501e8bd3ca', 'width': 160}], 'name': 'Chris Standring', 'popularity': 48, 'type': 'artist', 'uri': 'spotify:artist:1XeMzpgjVKU2dR5xXaZLut'}",1XeMzpgjVKU2dR5xXaZLut,48,['smooth jazz'],Real Life,51,2020-03-20,0.682,0.523,8,-8.955,1,0.0348,0.352,0.754,0.884,0.655,95.986,audio_features,5pQQjMOsR4HjuO94AEXTqX,spotify:track:5pQQjMOsR4HjuO94AEXTqX,https://api.spotify.com/v1/tracks/5pQQjMOsR4HjuO94AEXTqX,https://api.spotify.com/v1/audio-analysis/5pQQjMOsR4HjuO94AEXTqX,358213,4,jazz
25I5asfjuKPkmU3T0iOAkX,Say What's on Your Mind,Nick Colionne,"{'external_urls': {'spotify': 'https://open.spotify.com/artist/2sCtM9BmF4hSfiwEwiAm5l'}, 'followers': {'href': None, 'total': 27800}, 'genres': ['smooth jazz'], 'href': 'https://api.spotify.com/v1/artists/2sCtM9BmF4hSfiwEwiAm5l', 'id': '2sCtM9BmF4hSfiwEwiAm5l', 'images': [{'height': 1000, 'url': 'https://i.scdn.co/image/0b1f552ce0bcf7a09d6a56f50ae15478163c43e2', 'width': 1000}, {'height': 640, 'url': 'https://i.scdn.co/image/fa2673b61df44a80140a3e7cea3998d0642f0d9d', 'width': 640}, {'height': 200, 'url': 'https://i.scdn.co/image/c9b6919d7f444cfd1256d692239d4f48f6e5491b', 'width': 200}, {'height': 64, 'url': 'https://i.scdn.co/image/71e92f418e1ed8ed648373f7daa8d48f2e88932b', 'width': 64}], 'name': 'Nick Colionne', 'popularity': 46, 'type': 'artist', 'uri': 'spotify:artist:2sCtM9BmF4hSfiwEwiAm5l'}",2sCtM9BmF4hSfiwEwiAm5l,46,['smooth jazz'],The Journey,35,2016-04-01,0.636,0.503,7,-9.245,0,0.0344,0.764,0.528,0.159,0.492,80.988,audio_features,25I5asfjuKPkmU3T0iOAkX,spotify:track:25I5asfjuKPkmU3T0iOAkX,https://api.spotify.com/v1/tracks/25I5asfjuKPkmU3T0iOAkX,https://api.spotify.com/v1/audio-analysis/25I5asfjuKPkmU3T0iOAkX,257933,4,jazz
049VqBETqY4gIRJuOJyQuF,Can You Hear Me,Patrick Bradley,"{'external_urls': {'spotify': 'https://open.spotify.com/artist/6z9nWRXEPunshulSa2lwck'}, 'followers': {'href': None, 'total': 2101}, 'genres': ['smooth jazz'], 'href': 'https://api.spotify.com/v1/artists/6z9nWRXEPunshulSa2lwck', 'id': '6z9nWRXEPunshulSa2lwck', 'images': [{'height': 640, 'url': 'https://i.scdn.co/image/ab6761610000e5eb198c82b3759d800cb4e1a1f0', 'width': 640}, {'height': 320, 'url': 'https://i.scdn.co/image/ab67616100005174198c82b3759d800cb4e1a1f0', 'width': 320}, {'height': 160, 'url': 'https://i.scdn.co/image/ab6761610000f178198c82b3759d800cb4e1a1f0', 'width': 160}], 'name': 'Patrick Bradley', 'popularity': 41, 'type': 'artist', 'uri': 'spotify:artist:6z9nWRXEPunshulSa2lwck'}",6z9nWRXEPunshulSa2lwck,41,['smooth jazz'],Can You Hear Me,52,2014-09-23,0.532,0.387,3,-12.23,1,0.0291,0.854,0.859,0.121,0.305,76.075,audio_features,049VqBETqY4gIRJuOJyQuF,spotify:track:049VqBETqY4gIRJuOJyQuF,https://api.spotify.com/v1/tracks/049VqBETqY4gIRJuOJyQuF,https://api.spotify.com/v1/audio-analysis/049VqBETqY4gIRJuOJyQuF,304267,4,jazz
2QOqnhCrTIqTLzByQD7YQJ,Bluewave Bossanova,Lawson Rollins,"{'external_urls': {'spotify': 'https://open.spotify.com/artist/3blOsom4oRo6dAN4TB7xpv'}, 'followers': {'href': None, 'total': 2884}, 'genres': ['rumba'], 'href': 'https://api.spotify.com/v1/artists/3blOsom4oRo6dAN4TB7xpv', 'id': '3blOsom4oRo6dAN4TB7xpv', 'images': [{'height': 1000, 'url': 'https://i.scdn.co/image/ab6772690000c46c461fbd6f2243e23b6d2e369d', 'width': 1000}, {'height': 640, 'url': 'https://i.scdn.co/image/ab6772690000dd22461fbd6f2243e23b6d2e369d', 'width': 640}, {'height': 200, 'url': 'https://i.scdn.co/image/ab6772690000bac3461fbd6f2243e23b6d2e369d', 'width': 200}, {'height': 64, 'url': 'https://i.scdn.co/image/ab67726900008f74461fbd6f2243e23b6d2e369d', 'width': 64}], 'name': 'Lawson Rollins', 'popularity': 38, 'type': 'artist', 'uri': 'spotify:artist:3blOsom4oRo6dAN4TB7xpv'}",3blOsom4oRo6dAN4TB7xpv,38,['rumba'],True North,50,2020-01-17,0.708,0.892,6,-4.401,0,0.0296,0.715,0.909,0.112,0.746,125.028,audio_features,2QOqnhCrTIqTLzByQD7YQJ,spotify:track:2QOqnhCrTIqTLzByQD7YQJ,https://api.spotify.com/v1/tracks/2QOqnhCrTIqTLzByQD7YQJ,https://api.spotify.com/v1/audio-analysis/2QOqnhCrTIqTLzByQD7YQJ,264453,4,jazz
7JvhchmlEIuIe3khtfXp3q,Bass Trap,Julian Vaughn,"{'external_urls': {'spotify': 'https://open.spotify.com/artist/6NS4Qt4ISw27NC9tIN9jgg'}, 'followers': {'href': None, 'total': 7360}, 'genres': ['smooth jazz'], 'href': 'https://api.spotify.com/v1/artists/6NS4Qt4ISw27NC9tIN9jgg', 'id': '6NS4Qt4ISw27NC9tIN9jgg', 'images': [{'height': 640, 'url': 'https://i.scdn.co/image/ab6761610000e5ebd869d1165dd464983cd7fda1', 'width': 640}, {'height': 320, 'url': 'https://i.scdn.co/image/ab67616100005174d869d1165dd464983cd7fda1', 'width': 320}, {'height': 160, 'url': 'https://i.scdn.co/image/ab6761610000f178d869d1165dd464983cd7fda1', 'width': 160}], 'name': 'Julian Vaughn', 'popularity': 43, 'type': 'artist', 'uri': 'spotify:artist:6NS4Qt4ISw27NC9tIN9jgg'}",6NS4Qt4ISw27NC9tIN9jgg,43,['smooth jazz'],Bass Trap,47,2021-02-26,0.629,0.65,1,-9.852,0,0.0265,0.333,0.883,0.345,0.458,139.984,audio_features,7JvhchmlEIuIe3khtfXp3q,spotify:track:7JvhchmlEIuIe3khtfXp3q,https://api.spotify.com/v1/tracks/7JvhchmlEIuIe3khtfXp3q,https://api.spotify.com/v1/audio-analysis/7JvhchmlEIuIe3khtfXp3q,282547,4,jazz
0PrN59cfD9Dkvtnsmje9WE,What The Wind Knows,Brian Simpson,"{'external_urls': {'spotify': 'https://open.spotify.com/artist/4uIdP3jwyR0xifCS2FYS3o'}, 'followers': {'href': None, 'total': 32878}, 'genres': ['smooth jazz'], 'href': 'https://api.spotify.com/v1/artists/4uIdP3jwyR0xifCS2FYS3o', 'id': '4uIdP3jwyR0xifCS2FYS3o', 'images': [{'height': 640, 'url': 'https://i.scdn.co/image/ab6761610000e5eb873cc7ebd0dfe356fa4f3b9d', 'width': 640}, {'height': 320, 'url': 'https://i.scdn.co/image/ab67616100005174873cc7ebd0dfe356fa4f3b9d', 'width': 320}, {'height': 160, 'url': 'https://i.scdn.co/image/ab6761610000f178873cc7ebd0dfe356fa4f3b9d', 'width': 160}], 'name': 'Brian Simpson', 'popularity': 50, 'type': 'artist', 'uri': 'spotify:artist:4uIdP3jwyR0xifCS2FYS3o'}",4uIdP3jwyR0xifCS2FYS3o,50,['smooth jazz'],Unified,0,2020-01-17,0.778,0.533,0,-11.27,1,0.0449,0.38,0.762,0.0909,0.474,99.964,audio_features,0PrN59cfD9Dkvtnsmje9WE,spotify:track:0PrN59cfD9Dkvtnsmje9WE,https://api.spotify.com/v1/tracks/0PrN59cfD9Dkvtnsmje9WE,https://api.spotify.com/v1/audio-analysis/0PrN59cfD9Dkvtnsmje9WE,214787,4,jazz
6zFYcAvBoEjqKWiFneXWf4,Groovin' J,Jacob Webb,"{'external_urls': {'spotify': 'https://open.spotify.com/artist/6LB9EnOUIzqsiEYQVipZko'}, 'followers': {'href': None, 'total': 564}, 'genres': [], 'href': 'https://api.spotify.com/v1/artists/6LB9EnOUIzqsiEYQVipZko', 'id': '6LB9EnOUIzqsiEYQVipZko', 'images': [{'height': 640, 'url': 'https://i.scdn.co/image/ab6761610000e5ebac51b6023ae0919d5baa9131', 'width': 640}, {'height': 320, 'url': 'https://i.scdn.co/image/ab67616100005174ac51b6023ae0919d5baa9131', 'width': 320}, {'height': 160, 'url': 'https://i.scdn.co/image/ab6761610000f178ac51b6023ae0919d5baa9131', 'width': 160}], 'name': 'Jacob Webb', 'popularity': 32, 'type': 'artist', 'uri': 'spotify:artist:6LB9EnOUIzqsiEYQVipZko'}",6LB9EnOUIzqsiEYQVipZko,32,[],I'm Coming Home,45,2018-07-02,0.725,0.662,10,-8.462,0,0.0311,0.0468,0.0238,0.0775,0.425,102.929,audio_features,6zFYcAvBoEjqKWiFneXWf4,spotify:track:6zFYcAvBoEjqKWiFneXWf4,https://api.spotify.com/v1/tracks/6zFYcAvBoEjqKWiFneXWf4,https://api.spotify.com/v1/audio-analysis/6zFYcAvBoEjqKWiFneXWf4,266146,4,jazz
37bPydtyElNj0AERSVzGMM,Eye Contact,Jay Beckenstein,"{'external_urls': {'spotify': 'https://open.spotify.com/artist/6eA7CikksulcpTewVtS8Ok'}, 'followers': {'href': None, 'total': 573}, 'genres': ['smooth jazz'], 'href': 'https://api.spotify.com/v1/artists/6eA7CikksulcpTewVtS8Ok', 'id': '6eA7CikksulcpTewVtS8Ok', 'images': [{'height': 1313, 'url': 'https://i.scdn.co/image/60efe070ef84104941b435302bf6e01ccde45ab6', 'width': 1000}, {'height': 840, 'url': 'https://i.scdn.co/image/b4ec03bd6894adc8cce378004af28c40cd45442f', 'width': 640}, {'height': 263, 'url': 'https://i.scdn.co/image/a9669c4819c686d693ff8af7dd51d4503ec594e7', 'width': 200}, {'height': 84, 'url': 'https://i.scdn.co/image/43e728830a3ca21a5c0e07cc187540304c062346', 'width': 64}], 'name': 'Jay Beckenstein', 'popularity': 30, 'type': 'artist', 'uri': 'spotify:artist:6eA7CikksulcpTewVtS8Ok'}",6eA7CikksulcpTewVtS8Ok,30,['smooth jazz'],Eye Contact,44,2000,0.707,0.597,5,-9.335,0,0.0333,0.046,0.665,0.0958,0.552,88.006,audio_features,37bPydtyElNj0AERSVzGMM,spotify:track:37bPydtyElNj0AERSVzGMM,https://api.spotify.com/v1/tracks/37bPydtyElNj0AERSVzGMM,https://api.spotify.com/v1/audio-analysis/37bPydtyElNj0AERSVzGMM,294533,4,jazz
5S6EHC45If9NSN5jIHVzP1,Just Dance (feat. Dave Koz),Adam Hawley,"{'external_urls': {'spotify': 'https://open.spotify.com/artist/1lWqhDiZ2OtpsJsQFtXsKX'}, 'followers': {'href': None, 'total': 3655}, 'genres': ['smooth jazz'], 'href': 'https://api.spotify.com/v1/artists/1lWqhDiZ2OtpsJsQFtXsKX', 'id': '1lWqhDiZ2OtpsJsQFtXsKX', 'images': [{'height': 640, 'url': 'https://i.scdn.co/image/ab6761610000e5ebd3182b73bfd3372578dd0cd8', 'width': 640}, {'height': 320, 'url': 'https://i.scdn.co/image/ab67616100005174d3182b73bfd3372578dd0cd8', 'width': 320}, {'height': 160, 'url': 'https://i.scdn.co/image/ab6761610000f178d3182b73bfd3372578dd0cd8', 'width': 160}], 'name': 'Adam Hawley', 'popularity': 40, 'type': 'artist', 'uri': 'spotify:artist:1lWqhDiZ2OtpsJsQFtXsKX'}",1lWqhDiZ2OtpsJsQFtXsKX,40,['smooth jazz'],Double Vision,0,2018-03-23,0.763,0.701,7,-6.324,1,0.0283,0.149,0.584,0.0935,0.737,99.037,audio_features,5S6EHC45If9NSN5jIHVzP1,spotify:track:5S6EHC45If9NSN5jIHVzP1,https://api.spotify.com/v1/tracks/5S6EHC45If9NSN5jIHVzP1,https://api.spotify.com/v1/audio-analysis/5S6EHC45If9NSN5jIHVzP1,263493,4,jazz
5gAbksSWP6H2gzdWpN21w9,Chill or Be Chilled,Oli Silk,"{'external_urls': {'spotify': 'https://open.spotify.com/artist/7a9DZt3DpmEVkZZZ6MkWdE'}, 'followers': {'href': None, 'total': 6887}, 'genres': ['smooth jazz'], 'href': 'https://api.spotify.com/v1/artists/7a9DZt3DpmEVkZZZ6MkWdE', 'id': '7a9DZt3DpmEVkZZZ6MkWdE', 'images': [{'height': 640, 'url': 'https://i.scdn.co/image/ab6761610000e5eb20972e1ea0f2cd6a6c650d31', 'width': 640}, {'height': 320, 'url': 'https://i.scdn.co/image/ab6761610000517420972e1ea0f2cd6a6c650d31', 'width': 320}, {'height': 160, 'url': 'https://i.scdn.co/image/ab6761610000f17820972e1ea0f2cd6a6c650d31', 'width': 160}], 'name': 'Oli Silk', 'popularity': 42, 'type': 'artist', 'uri': 'spotify:artist:7a9DZt3DpmEVkZZZ6MkWdE'}",7a9DZt3DpmEVkZZZ6MkWdE,42,['smooth jazz'],The Limit's the Sky,37,2008-10-14,0.778,0.465,2,-9.669,1,0.0304,0.559,0.405,0.0528,0.61,100.004,audio_features,5gAbksSWP6H2gzdWpN21w9,spotify:track:5gAbksSWP6H2gzdWpN21w9,https://api.spotify.com/v1/tracks/5gAbksSWP6H2gzdWpN21w9,https://api.spotify.com/v1/audio-analysis/5gAbksSWP6H2gzdWpN21w9,223670,4,jazz
3Jy2TEyOVfBUwVytWu52NP,18th & Vine,Julian Vaughn,"{'external_urls': {'spotify': 'https://open.spotify.com/artist/6NS4Qt4ISw27NC9tIN9jgg'}, 'followers': {'href': None, 'total': 7360}, 'genres': ['smooth jazz'], 'href': 'https://api.spotify.com/v1/artists/6NS4Qt4ISw27NC9tIN9jgg', 'id': '6NS4Qt4ISw27NC9tIN9jgg', 'images': [{'height': 640, 'url': 'https://i.scdn.co/image/ab6761610000e5ebd869d1165dd464983cd7fda1', 'width': 640}, {'height': 320, 'url': 'https://i.scdn.co/image/ab67616100005174d869d1165dd464983cd7fda1', 'width': 320}, {'height': 160, 'url': 'https://i.scdn.co/image/ab6761610000f178d869d1165dd464983cd7fda1', 'width': 160}], 'name': 'Julian Vaughn', 'popularity': 43, 'type': 'artist', 'uri': 'spotify:artist:6NS4Qt4ISw27NC9tIN9jgg'}",6NS4Qt4ISw27NC9tIN9jgg,43,['smooth jazz'],Bona Fide,30,2017-06-30,0.551,0.73,7,-6.921,0,0.0394,0.4,0.188,0.126,0.459,77.948,audio_features,3Jy2TEyOVfBUwVytWu52NP,spotify:track:3Jy2TEyOVfBUwVytWu52NP,https://api.spotify.com/v1/tracks/3Jy2TEyOVfBUwVytWu52NP,https://api.spotify.com/v1/audio-analysis/3Jy2TEyOVfBUwVytWu52NP,284806,4,jazz
3KHLV5FTalpbnNmmznJcVk,Spray Bay,Jeremy Sean Hector,"{'external_urls': {'spotify': 'https://open.spotify.com/artist/1akYcPyDtIQAN54HFVHbWR'}, 'followers': {'href': None, 'total': 474}, 'genres': [], 'href': 'https://api.spotify.com/v1/artists/1akYcPyDtIQAN54HFVHbWR', 'id': '1akYcPyDtIQAN54HFVHbWR', 'images': [{'height': 640, 'url': 'https://i.scdn.co/image/ab6761610000e5eb7933b34f3b0294b7ee6aa88e', 'width': 640}, {'height': 320, 'url': 'https://i.scdn.co/image/ab676161000051747933b34f3b0294b7ee6aa88e', 'width': 320}, {'height': 160, 'url': 'https://i.scdn.co/image/ab6761610000f1787933b34f3b0294b7ee6aa88e', 'width': 160}], 'name': 'Jeremy Sean Hector', 'popularity': 26, 'type': 'artist', 'uri': 'spotify:artist:1akYcPyDtIQAN54HFVHbWR'}",1akYcPyDtIQAN54HFVHbWR,26,[],Ascension,40,2019-04-26,0.508,0.8,0,-7.983,1,0.0307,0.733,0.854,0.352,0.702,167.783,audio_features,3KHLV5FTalpbnNmmznJcVk,spotify:track:3KHLV5FTalpbnNmmznJcVk,https://api.spotify.com/v1/tracks/3KHLV5FTalpbnNmmznJcVk,https://api.spotify.com/v1/audio-analysis/3KHLV5FTalpbnNmmznJcVk,287400,4,jazz
660TXK5WaAa1YZD2MIY64j,Gypsy Soul,Althea Rene,"{'external_urls': {'spotify': 'https://open.spotify.com/artist/5FnGUGAaOtAqnk6Zxn6nFY'}, 'followers': {'href': None, 'total': 6350}, 'genres': ['deep smooth jazz', 'jazz flute', 'smooth jazz'], 'href': 'https://api.spotify.com/v1/artists/5FnGUGAaOtAqnk6Zxn6nFY', 'id': '5FnGUGAaOtAqnk6Zxn6nFY', 'images': [{'height': 640, 'url': 'https://i.scdn.co/image/ab6761610000e5eb8a729c4e30d7e4fe436d28fe', 'width': 640}, {'height': 320, 'url': 'https://i.scdn.co/image/ab676161000051748a729c4e30d7e4fe436d28fe', 'width': 320}, {'height': 160, 'url': 'https://i.scdn.co/image/ab6761610000f1788a729c4e30d7e4fe436d28fe', 'width': 160}], 'name': 'Althea Rene', 'popularity': 40, 'type': 'artist', 'uri': 'spotify:artist:5FnGUGAaOtAqnk6Zxn6nFY'}",5FnGUGAaOtAqnk6Zxn6nFY,40,"['deep smooth jazz', 'jazz flute', 'smooth jazz']",Gypsy Soul,44,2017-03-08,0.795,0.557,7,-6.303,0,0.0735,0.722,0.13,0.115,0.618,96.021,audio_features,660TXK5WaAa1YZD2MIY64j,spotify:track:660TXK5WaAa1YZD2MIY64j,https://api.spotify.com/v1/tracks/660TXK5WaAa1YZD2MIY64j,https://api.spotify.com/v1/audio-analysis/660TXK5WaAa1YZD2MIY64j,222747,4,jazz
1ViDanY5GxpDf2PITZAh5L,Affection,Randy Scott,"{'external_urls': {'spotify': 'https://open.spotify.com/artist/2TN0yEsNdj8cY1854luIQw'}, 'followers': {'href': None, 'total': 2790}, 'genres': ['deep smooth jazz', 'smooth jazz'], 'href': 'https://api.spotify.com/v1/artists/2TN0yEsNdj8cY1854luIQw', 'id': '2TN0yEsNdj8cY1854luIQw', 'images': [{'height': 640, 'url': 'https://i.scdn.co/image/ab67616d0000b2731ce0b36ad6a3ff49ccac3cf8', 'width': 640}, {'height': 300, 'url': 'https://i.scdn.co/image/ab67616d00001e021ce0b36ad6a3ff49ccac3cf8', 'width': 300}, {'height': 64, 'url': 'https://i.scdn.co/image/ab67616d000048511ce0b36ad6a3ff49ccac3cf8', 'width': 64}], 'name': 'Randy Scott', 'popularity': 33, 'type': 'artist', 'uri': 'spotify:artist:2TN0yEsNdj8cY1854luIQw'}",2TN0yEsNdj8cY1854luIQw,33,"['deep smooth jazz', 'smooth jazz']",Elevation,36,2020-08-21,0.584,0.61,5,-8.469,0,0.0821,0.304,0.81,0.217,0.634,179.958,audio_features,1ViDanY5GxpDf2PITZAh5L,spotify:track:1ViDanY5GxpDf2PITZAh5L,https://api.spotify.com/v1/tracks/1ViDanY5GxpDf2PITZAh5L,https://api.spotify.com/v1/audio-analysis/1ViDanY5GxpDf2PITZAh5L,238877,4,jazz
6UkHSbQcqBwWZr98OSELoL,That's The Way Love Goes,Norman Brown,"{'external_urls': {'spotify': 'https://open.spotify.com/artist/79kOOyVKcrCOKDnzcDHsia'}, 'followers': {'href': None, 'total': 91995}, 'genres': ['smooth jazz'], 'href': 'https://api.spotify.com/v1/artists/79kOOyVKcrCOKDnzcDHsia', 'id': '79kOOyVKcrCOKDnzcDHsia', 'images': [{'height': 964, 'url': 'https://i.scdn.co/image/7b5ce0159eedb99a9795ce08478b00996311bc7c', 'width': 1000}, {'height': 617, 'url': 'https://i.scdn.co/image/7f4f782633efacd4d5baa0230fb2cb811849932f', 'width': 640}, {'height': 193, 'url': 'https://i.scdn.co/image/5de26d34ee04f0acf2538779bb5aef88392a7e69', 'width': 200}, {'height': 62, 'url': 'https://i.scdn.co/image/b104c9d78b5cc7bfeda38f49aa861e81dacea660', 'width': 64}], 'name': 'Norman Brown', 'popularity': 52, 'type': 'artist', 'uri': 'spotify:artist:79kOOyVKcrCOKDnzcDHsia'}",79kOOyVKcrCOKDnzcDHsia,52,['smooth jazz'],After The Storm,53,1994-01-01,0.631,0.635,7,-10.649,0,0.0285,0.447,0.718,0.0771,0.358,97.915,audio_features,6UkHSbQcqBwWZr98OSELoL,spotify:track:6UkHSbQcqBwWZr98OSELoL,https://api.spotify.com/v1/tracks/6UkHSbQcqBwWZr98OSELoL,https://api.spotify.com/v1/audio-analysis/6UkHSbQcqBwWZr98OSELoL,285467,4,jazz
0NTs96jeKN0YCKOb3tyGZl,Big Shot,3rd Force,"{'external_urls': {'spotify': 'https://open.spotify.com/artist/3t0v2PRYA41acAC7z17tSm'}, 'followers': {'href': None, 'total': 16229}, 'genres': ['smooth jazz'], 'href': 'https://api.spotify.com/v1/artists/3t0v2PRYA41acAC7z17tSm', 'id': '3t0v2PRYA41acAC7z17tSm', 'images': [{'height': 640, 'url': 'https://i.scdn.co/image/ab6761610000e5ebbbb3b98883a4c6a906088782', 'width': 640}, {'height': 320, 'url': 'https://i.scdn.co/image/ab67616100005174bbb3b98883a4c6a906088782', 'width': 320}, {'height': 160, 'url': 'https://i.scdn.co/image/ab6761610000f178bbb3b98883a4c6a906088782', 'width': 160}], 'name': '3rd Force', 'popularity': 40, 'type': 'artist', 'uri': 'spotify:artist:3t0v2PRYA41acAC7z17tSm'}",3t0v2PRYA41acAC7z17tSm,40,['smooth jazz'],Global Force,45,2016-01-15,0.721,0.868,9,-5.72,0,0.0388,0.112,0.0892,0.0389,0.882,99.998,audio_features,0NTs96jeKN0YCKOb3tyGZl,spotify:track:0NTs96jeKN0YCKOb3tyGZl,https://api.spotify.com/v1/tracks/0NTs96jeKN0YCKOb3tyGZl,https://api.spotify.com/v1/audio-analysis/0NTs96jeKN0YCKOb3tyGZl,264280,4,jazz
1HvNKIGfKzR5I26EuLXDwv,Driftin',Earl Klugh,"{'external_urls': {'spotify': 'https://open.spotify.com/artist/00Nnsh2ykMBYnCDsSFGXSY'}, 'followers': {'href': None, 'total': 140808}, 'genres': ['jazz guitar', 'smooth jazz'], 'href': 'https://api.spotify.com/v1/artists/00Nnsh2ykMBYnCDsSFGXSY', 'id': '00Nnsh2ykMBYnCDsSFGXSY', 'images': [{'height': 635, 'url': 'https://i.scdn.co/image/6fd932128ebf5efe780b2cfbc960eb9fd1194f39', 'width': 423}, {'height': 300, 'url': 'https://i.scdn.co/image/e18a8647b2dd63c3f2d3bec6c89a1776aa7d290e', 'width': 200}, {'height': 96, 'url': 'https://i.scdn.co/image/0cdf232d2cf443f13c79f83ab5dd4f772d7f39ac', 'width': 64}], 'name': 'Earl Klugh', 'popularity': 51, 'type': 'artist', 'uri': 'spotify:artist:00Nnsh2ykMBYnCDsSFGXSY'}",00Nnsh2ykMBYnCDsSFGXSY,51,"['jazz guitar', 'smooth jazz']",The Spice Of Life,0,2008-04-29,0.843,0.325,0,-14.602,1,0.0469,0.717,0.877,0.106,0.883,104.991,audio_features,1HvNKIGfKzR5I26EuLXDwv,spotify:track:1HvNKIGfKzR5I26EuLXDwv,https://api.spotify.com/v1/tracks/1HvNKIGfKzR5I26EuLXDwv,https://api.spotify.com/v1/audio-analysis/1HvNKIGfKzR5I26EuLXDwv,228427,4,jazz
